0.000000,0.500000,0.000000,-0.500000,1.000000,-0.833333,0.857143,0.000000,0.111111,-0.100000,0.454545,0.500000,-0.384615,0.571429,-0.933333,-0.375000,-0.352941,-0.722222,0.421053,-0.750000,0.285714,-0.454545,0.217391,-0.250000,-0.040000,0.115385,-0.111111,0.178571,0.103448,-0.433333,0.096774,-0.062500,0.333333,-0.176471,0.057143,-0.083333,0.054054,0.105263,-0.102564,-0.800000,0.707317,0.333333,-0.279070,-0.090909,-0.022222,-0.173913,-0.276596,0.083333,0.326531,-0.100000,0.235294,0.500000,0.433962,-0.222222,-0.254545,-0.321429,0.000000,0.086207,0.644068,-0.150000,-0.131148,-0.112903,-0.285714,-0.203125,-0.030769,0.257576,0.044776,-0.147059,0.260870,0.285714,0.070423,0.388889,-0.013699,0.081081,-0.586667,0.039474,-0.012987,0.115385,-0.126582,-0.287500,0.000000,0.268293,0.132530,-0.238095,0.176471,-0.488372,-0.195402,-0.352273,0.157303,0.366667,0.054945,0.282609,-0.150538,0.170213,-0.105263,-0.197917,0.051546,-0.091837,-0.060606,-0.150000,
0.000000,0.500000,-1.000000,0.000000,-0.600000,0.333333,-1.428571,-0.250000,-0.555556,-0.600000,0.000000,0.333333,-0.538462,-0.285714,-0.200000,-0.062500,-0.176471,0.777778,0.368421,0.550000,0.142857,0.227273,1.173913,0.708333,-0.120000,0.269231,-0.777778,-0.321429,-0.241379,0.166667,-0.612903,0.312500,-0.606061,0.705882,0.000000,0.277778,0.000000,-0.315789,0.102564,0.275000,0.000000,-0.214286,0.162791,-0.090909,0.311111,0.326087,-0.021277,-0.187500,-0.040816,-0.440000,0.196078,0.403846,-0.207547,0.148148,0.072727,-0.107143,0.280702,-0.051724,0.067797,0.116667,0.622951,0.483871,0.047619,-0.734375,-0.353846,0.136364,0.298507,0.205882,0.449275,0.028571,-0.352113,0.083333,-0.095890,-0.378378,0.013333,-0.065789,0.272727,0.128205,0.012658,-0.250000,-0.308642,0.036585,0.120482,-0.095238,-0.247059,-0.197674,-0.241379,0.079545,-0.089888,-0.477778,0.043956,-0.293478,-0.225806,-0.329787,-0.326316,0.281250,-0.298969,-0.122449,-0.343434,-0.260000,
0.000000,-0.500000,0.000000,1.000000,0.200000,0.166667,0.000000,0.125000,-0.111111,-0.500000,-0.181818,0.416667,-0.538462,-0.357143,-0.800000,-0.062500,-1.235294,-0.055556,-0.263158,-0.350000,-0.476190,0.090909,0.217391,-1.208333,-0.960000,-0.115385,0.037037,1.000000,-0.275862,0.866667,1.096774,-0.281250,-0.090909,0.382353,-0.371429,0.305556,-0.081081,-0.078947,0.153846,-0.375000,0.219512,-0.023810,-0.116279,-0.613636,0.466667,-0.282609,-0.021277,0.062500,-0.102041,-0.300000,0.058824,-0.057692,-0.037736,0.037037,0.472727,-0.232143,-0.403509,0.379310,0.237288,0.133333,-0.213115,-0.209677,-0.634921,-0.484375,-0.138462,-0.166667,-0.179104,0.500000,-0.043478,0.942857,-0.098592,0.152778,0.260274,0.418919,0.266667,0.684211,0.220779,0.153846,-0.101266,0.012500,-0.074074,0.000000,0.385542,0.083333,0.035294,0.395349,-0.022989,0.079545,0.067416,0.066667,-0.065934,-0.358696,0.075269,0.053191,0.305263,0.135417,-0.010309,0.214286,-0.111111,-0.450000,
0.000000,0.500000,0.000000,0.500000,0.200000,0.333333,-0.285714,-0.125000,0.111111,0.500000,0.181818,0.083333,-0.153846,-0.142857,1.133333,0.062500,0.058824,-0.444444,-0.789474,0.100000,0.000000,-0.909091,-0.347826,0.041667,-0.120000,0.730769,-0.259259,-0.178571,0.068966,-0.166667,0.774194,0.187500,-0.121212,0.382353,-0.085714,0.194444,0.324324,-0.157895,0.128205,0.375000,-0.634146,0.380952,0.093023,0.386364,-0.022222,0.152174,-0.106383,0.520833,-0.183673,-0.460000,0.196078,-0.038462,0.207547,-0.407407,0.036364,-0.267857,0.192982,0.672414,-0.322034,-0.033333,0.163934,-0.387097,0.333333,0.203125,0.215385,-0.060606,0.283582,0.676471,-0.376812,0.642857,0.380282,0.069444,0.369863,-0.040541,-0.013333,-0.105263,-0.168831,0.551282,-0.037975,-0.362500,0.000000,0.524390,-0.084337,0.250000,-0.047059,-0.372093,-0.045977,-0.295455,0.056180,-0.044444,-0.120879,0.065217,0.645161,-0.021277,-0.210526,0.125000,-0.051546,0.153061,0.363636,-0.180000,
0.000000,-0.500000,-0.333333,0.000000,0.000000,-0.666667,-0.285714,0.000000,-0.555556,0.500000,-0.181818,-0.250000,0.538462,0.285714,-0.200000,0.000000,0.058824,0.055556,0.526316,-0.450000,-0.333333,-0.409091,-0.739130,-0.041667,0.280000,-0.692308,0.037037,-0.321429,-0.793103,0.100000,-0.290323,0.468750,0.060606,-0.441176,-0.085714,0.027778,0.243243,0.421053,0.692308,-0.075000,-0.146341,0.214286,-0.093023,0.113636,0.822222,-0.065217,-0.638298,0.083333,-0.306122,-0.340000,-0.098039,0.134615,-0.415094,-0.388889,0.181818,0.285714,-0.543860,0.034483,0.220339,0.483333,0.049180,-0.112903,0.063492,-0.140625,0.153846,-0.575758,-0.164179,-0.720588,-0.072464,-0.371429,0.070423,0.041667,0.068493,0.337838,0.386667,0.776316,-0.051948,0.307692,-0.316456,-0.150000,0.012346,0.024390,-0.590361,0.166667,-0.223529,0.069767,0.241379,-0.170455,-0.213483,-0.055556,0.230769,-0.097826,0.086022,-0.170213,0.221053,-0.072917,-0.113402,-0.091837,0.232323,0.300000,
0.000000,-0.500000,0.000000,0.000000,0.200000,0.166667,0.285714,-0.125000,-1.444444,-0.500000,-0.909091,-1.250000,0.230769,0.000000,0.400000,-0.062500,-0.352941,-0.055556,-1.578947,-0.950000,-0.619048,0.000000,0.260870,0.041667,-0.320000,0.384615,0.333333,-1.035714,-0.034483,0.533333,0.451613,0.937500,0.212121,-0.117647,0.457143,0.388889,0.000000,-0.105263,0.102564,-0.450000,-0.414634,0.714286,-0.069767,-0.204545,-0.066667,0.000000,0.127660,0.041667,-0.367347,-0.240000,0.176471,0.384615,0.283019,0.259259,0.054545,0.178571,-0.315789,-0.482759,0.067797,-0.216667,0.016393,0.048387,0.380952,-0.562500,-0.415385,0.060606,0.582090,-0.308824,-0.130435,0.314286,0.478873,0.388889,-0.013699,0.391892,-0.320000,-0.105263,-0.194805,-0.115385,0.075949,0.200000,-0.148148,-0.170732,0.180723,0.166667,0.235294,-0.139535,0.321839,0.125000,0.146067,0.066667,-0.032967,0.152174,0.010753,-0.106383,-0.094737,0.177083,-0.453608,-0.224490,0.030303,0.000000,
0.000000,0.500000,-1.000000,0.500000,-0.600000,-0.500000,0.000000,0.000000,0.666667,-0.100000,-1.454545,0.083333,-1.230769,0.285714,-0.333333,-0.187500,0.705882,0.500000,0.368421,0.550000,0.428571,-0.545455,0.565217,-0.208333,-0.400000,-0.807692,0.444444,0.571429,-0.034483,0.466667,0.290323,0.750000,-0.878788,-0.147059,-0.171429,-0.111111,0.108108,-0.210526,0.487179,0.450000,0.414634,-0.238095,-0.255814,-0.022727,1.155556,-0.304348,-0.276596,-0.791667,-0.020408,0.260000,-0.352941,0.480769,-0.415094,-0.037037,0.145455,-0.250000,0.210526,0.068966,0.203390,0.666667,-0.032787,-0.629032,0.063492,0.234375,-0.276923,-0.378788,0.044776,-0.073529,-0.188406,-0.071429,0.070423,0.277778,-0.260274,0.121622,-0.186667,0.013158,0.571429,0.102564,-0.265823,0.187500,0.074074,-0.341463,0.337349,0.047619,0.423529,-0.069767,0.114943,0.238636,0.235955,-0.188889,0.087912,0.717391,0.430108,0.223404,0.063158,-0.281250,-0.247423,0.010204,0.141414,0.030000,
0.000000,0.500000,0.000000,0.500000,0.200000,-0.500000,-1.714286,-0.375000,-0.333333,0.700000,1.090909,-0.416667,0.769231,0.714286,0.466667,0.062500,-0.058824,0.444444,0.000000,-0.200000,0.523810,-0.590909,-0.217391,-0.541667,1.280000,0.538462,0.111111,-0.392857,0.068966,-0.233333,0.258065,-0.593750,0.030303,-0.058824,0.514286,0.555556,-0.243243,-0.026316,-0.179487,0.000000,0.073171,0.119048,0.046512,0.522727,0.155556,-0.130435,-0.319149,-0.291667,0.530612,-0.380000,0.490196,0.557692,0.641509,-0.185185,-0.127273,-0.446429,-0.035088,-0.034483,0.016949,0.383333,-0.032787,0.209677,-0.190476,0.109375,-0.215385,-0.636364,0.238806,0.029412,-0.086957,0.200000,0.380282,-0.194444,-0.232877,-0.121622,-0.066667,-0.276316,0.155844,-0.166667,0.012658,-0.125000,0.197531,-0.341463,0.192771,0.214286,-0.176471,0.116279,0.574713,-0.034091,0.179775,-0.077778,-0.307692,-0.173913,-0.064516,0.382979,0.368421,0.177083,-0.185567,-0.163265,0.020202,0.370000,
0.000000,-0.500000,0.000000,0.500000,2.000000,0.000000,-0.142857,-1.625000,-0.555556,-1.000000,0.000000,0.000000,-2.000000,-0.071429,-0.400000,-0.187500,0.294118,0.333333,0.052632,-0.450000,-0.095238,0.363636,-0.086957,-0.083333,-0.840000,-0.615385,-0.148148,0.428571,-0.689655,0.433333,0.161290,-0.156250,-0.848485,0.794118,-1.028571,0.305556,-0.378378,-0.052632,-0.256410,0.025000,0.853659,0.357143,0.651163,-0.204545,-0.133333,0.282609,0.085106,-0.062500,-0.020408,-0.180000,-0.176471,0.000000,-0.660377,-0.074074,0.345455,0.107143,0.210526,-0.068966,0.237288,0.300000,0.131148,0.274194,-0.190476,-0.109375,0.123077,-0.166667,-0.253731,0.191176,-0.086957,0.371429,-0.070423,-0.027778,0.589041,0.418919,-0.306667,-0.618421,0.051948,0.333333,0.139241,0.125000,0.024691,0.073171,-0.156627,-0.785714,-0.129412,0.034884,-0.057471,-0.147727,0.213483,0.155556,0.175824,-0.076087,0.440860,0.202128,0.189474,-0.364583,0.051546,-0.102041,0.161616,-0.180000,
0.000000,-0.500000,0.000000,0.000000,0.600000,-0.166667,-1.000000,-0.250000,-0.111111,-0.600000,0.818182,-1.333333,-0.076923,-0.500000,-0.333333,-0.750000,0.529412,0.277778,-0.263158,-0.050000,0.380952,-0.318182,0.260870,0.500000,-0.760000,0.384615,-0.185185,0.785714,-0.172414,-0.233333,-0.129032,-0.406250,-0.272727,-0.147059,-0.085714,-0.777778,0.486486,0.131579,0.051282,0.150000,-0.146341,0.095238,-0.418605,-0.181818,-0.622222,-0.369565,0.361702,0.416667,0.244898,-0.140000,-0.333333,0.307692,0.000000,0.407407,0.090909,0.142857,0.105263,-0.551724,0.135593,-0.083333,0.245902,0.193548,0.349206,0.203125,-0.246154,-0.484848,-0.104478,0.205882,0.086957,-0.114286,0.169014,-0.180556,0.575342,-0.081081,0.120000,-0.118421,-0.116883,0.205128,0.037975,-0.450000,0.135802,0.024390,-0.180723,-0.273810,0.623529,-0.081395,0.068966,0.011364,-0.179775,0.055556,0.538462,0.119565,-0.204301,-0.063830,0.105263,-0.031250,-0.134021,0.081633,-0.101010,0.180000,
0.000000,0.500000,0.333333,0.500000,0.600000,0.166667,0.285714,0.625000,0.000000,-1.000000,0.545455,-0.083333,0.230769,0.285714,-0.200000,-0.312500,-0.352941,-0.388889,-0.210526,-1.000000,0.095238,0.318182,1.565217,-0.125000,-0.080000,0.346154,0.407407,0.428571,0.758621,-0.500000,-0.935484,0.031250,0.606061,-0.088235,-0.542857,0.388889,0.189189,0.500000,-0.256410,0.400000,0.170732,-0.023810,0.046512,0.090909,-0.200000,0.260870,0.319149,0.229167,0.040816,0.480000,-0.098039,-0.173077,0.188679,0.129630,-0.109091,-0.410714,0.140351,0.017241,0.033898,0.450000,-0.131148,-0.177419,-0.095238,0.312500,-0.230769,-0.075758,-0.104478,-0.073529,0.115942,-0.257143,0.169014,-0.291667,0.260274,0.094595,0.106667,0.078947,-0.090909,0.217949,0.113924,0.262500,-0.345679,0.000000,-0.108434,-0.166667,0.270588,-0.127907,0.183908,-0.159091,-0.269663,-0.133333,-0.054945,-0.130435,-0.021505,-0.042553,0.000000,-0.135417,0.123711,-0.091837,-0.272727,0.190000,
0.000000,0.500000,0.000000,0.500000,0.400000,-1.166667,-0.285714,0.000000,0.444444,-1.000000,-0.181818,0.500000,-0.384615,-1.500000,0.333333,0.687500,0.000000,0.277778,0.368421,-0.250000,-0.285714,-0.227273,0.173913,-0.583333,-0.840000,0.192308,0.296296,0.107143,-0.137931,0.600000,-0.258065,-0.437500,0.515152,-0.264706,-0.342857,0.444444,-0.054054,0.631579,-0.461538,0.500000,0.463415,-0.738095,0.302326,0.295455,-0.844444,-0.173913,0.255319,-0.500000,0.428571,-0.140000,0.000000,-0.057692,0.169811,0.129630,0.454545,0.107143,0.157895,-0.155172,0.152542,-0.466667,0.344262,0.000000,-0.079365,-0.234375,0.276923,-0.196970,-0.194030,-0.073529,0.086957,-0.500000,-0.070423,0.333333,0.178082,0.283784,-0.026667,-0.289474,-0.324675,-0.461538,0.493671,0.075000,-0.049383,0.121951,0.144578,0.309524,0.164706,-0.058140,0.022989,-0.409091,0.247191,0.011111,0.153846,-0.228261,0.086022,0.063830,0.126316,0.104167,0.319588,0.265306,0.010101,-0.230000,
0.000000,-0.500000,1.000000,0.000000,-1.000000,-0.166667,0.857143,0.250000,0.111111,1.800000,0.181818,-0.250000,0.230769,-0.285714,-0.066667,0.000000,-0.764706,-0.944444,-0.368421,0.550000,-1.047619,-0.227273,-0.608696,-0.041667,0.400000,-0.346154,-0.814815,0.571429,-0.551724,-0.200000,0.129032,0.125000,-0.242424,0.029412,0.000000,-0.361111,-0.108108,-0.315789,-0.333333,0.450000,-0.414634,0.119048,-0.534884,-0.068182,0.222222,0.195652,0.531915,0.375000,0.755102,0.300000,0.156863,-0.346154,-0.188679,0.037037,0.254545,0.285714,0.403509,-0.206897,0.406780,0.016667,-0.147541,0.064516,-0.142857,-0.062500,0.107692,0.151515,0.119403,0.382353,0.043478,0.028571,-0.464789,0.194444,0.287671,0.027027,0.306667,0.302632,-0.090909,0.038462,-0.215190,0.237500,0.197531,0.341463,-0.108434,0.154762,-0.047059,-0.360465,-0.114943,-0.068182,-0.101124,0.388889,0.175824,0.119565,0.419355,0.053191,-0.305263,0.072917,-0.298969,0.000000,-0.363636,0.210000,
0.000000,0.500000,0.000000,0.000000,1.000000,0.000000,0.285714,0.625000,0.111111,-0.100000,-0.363636,-0.583333,-0.384615,0.142857,-0.133333,0.625000,-0.529412,-0.722222,0.052632,0.400000,0.142857,-0.409091,-0.347826,-0.416667,-0.600000,-0.730769,0.074074,0.321429,-0.206897,-0.166667,0.322581,-0.375000,0.181818,0.058824,0.314286,0.111111,-0.297297,-0.026316,-0.230769,0.150000,-0.341463,-0.166667,-0.023256,0.045455,0.066667,0.434783,0.361702,-0.208333,-0.224490,-0.260000,-0.313725,0.211538,0.377358,-0.203704,-0.236364,-0.589286,0.333333,0.034483,-0.016949,0.350000,-0.295082,0.419355,0.587302,-0.218750,0.738462,-0.015152,-0.194030,0.220588,0.434783,0.085714,-0.056338,0.027778,0.219178,0.527027,-0.560000,-0.210526,-0.038961,-0.384615,-0.329114,0.225000,-0.197531,0.341463,-0.168675,0.119048,-0.011765,-0.302326,-0.011494,0.000000,0.112360,-0.233333,0.043956,0.173913,0.139785,-0.265957,0.073684,0.322917,0.164948,-0.142857,-0.202020,-0.070000,
0.000000,0.500000,0.000000,1.500000,0.200000,-0.833333,0.000000,0.500000,1.000000,0.300000,0.181818,-0.416667,-0.692308,-0.142857,-0.333333,0.187500,-0.470588,0.666667,0.578947,0.100000,0.238095,-0.545455,0.304348,0.166667,-0.360000,-0.307692,0.851852,0.821429,0.068966,-0.533333,-0.032258,0.312500,0.454545,0.088235,0.028571,0.138889,-0.324324,-0.026316,0.128205,-0.075000,-0.170732,-0.261905,-0.069767,0.181818,0.088889,-0.173913,0.106383,-0.062500,0.000000,0.360000,0.078431,-0.288462,-0.207547,0.259259,-0.163636,0.321429,-0.263158,-0.068966,-0.423729,-0.583333,0.163934,0.322581,-0.190476,-0.421875,-0.076923,-0.196970,0.597015,-0.029412,-0.333333,0.114286,0.197183,-0.111111,-0.232877,0.000000,0.426667,-0.105263,-0.220779,0.153846,-0.215190,0.150000,0.037037,-0.073171,0.433735,0.190476,0.211765,-0.174419,0.091954,-0.227273,0.078652,0.266667,0.043956,0.282609,0.236559,-0.053191,0.042105,0.333333,0.030928,-0.244898,-0.101010,-0.360000,
0.000000,0.500000,-1.000000,-1.500000,-0.200000,-0.500000,-0.857143,0.125000,-0.333333,0.100000,0.909091,0.583333,0.000000,0.000000,0.200000,0.437500,-0.235294,-0.166667,-0.842105,0.000000,0.000000,0.090909,-0.565217,0.000000,-0.480000,-0.038462,-0.444444,0.142857,0.448276,-0.200000,-0.193548,0.437500,-0.181818,-0.323529,0.228571,-0.166667,0.108108,0.184211,0.564103,0.600000,-0.024390,0.190476,0.372093,0.159091,-0.444444,0.065217,0.000000,0.083333,-0.224490,0.000000,-0.392157,0.076923,-0.188679,0.111111,0.036364,-0.250000,-0.070175,0.206897,0.355932,0.083333,-0.147541,0.177419,-0.126984,-0.015625,0.000000,-0.060606,-0.432836,-0.073529,-0.028986,-0.100000,-0.056338,-0.291667,-0.753425,0.324324,0.640000,0.197368,0.441558,0.141026,0.088608,0.137500,0.308642,0.268293,-0.108434,-0.154762,0.176471,-0.267442,0.494253,-0.465909,-0.044944,0.344444,0.000000,-0.173913,-0.129032,0.053191,0.021053,0.270833,0.154639,0.285714,0.191919,0.250000,
0.000000,-0.500000,0.000000,0.000000,-0.400000,-0.833333,-0.285714,-0.625000,0.777778,-0.800000,0.000000,-0.250000,0.538462,-0.285714,0.866667,-0.062500,-0.176471,-0.277778,-0.315789,0.650000,0.428571,-0.727273,-0.130435,0.875000,-0.200000,0.307692,-0.407407,0.285714,0.379310,-0.233333,-0.290323,0.093750,-0.484848,1.000000,-0.457143,0.527778,0.135135,0.184211,-0.102564,0.375000,-0.146341,0.238095,0.139535,0.000000,0.155556,0.043478,0.234043,0.250000,0.653061,0.340000,-0.156863,0.173077,0.566038,0.018519,0.218182,0.392857,0.210526,0.034483,0.000000,0.283333,0.049180,-0.709677,0.015873,-0.500000,-0.338462,0.090909,-0.298507,0.014706,-0.130435,-0.200000,0.211268,-0.333333,0.219178,-0.054054,0.053333,0.118421,-0.233766,0.205128,0.177215,-0.150000,-0.012346,0.195122,-0.024096,0.083333,-0.082353,-0.081395,-0.126437,0.159091,-0.292135,0.133333,0.098901,-0.293478,0.118280,0.021277,-0.189474,-0.250000,-0.164948,0.306122,-0.191919,0.090000,
0.000000,-0.500000,1.000000,0.000000,-0.200000,0.166667,0.000000,-1.625000,-0.777778,0.300000,0.000000,0.083333,0.153846,-0.214286,0.133333,-0.062500,0.470588,-0.500000,0.894737,-0.250000,0.476190,-0.272727,0.086957,0.083333,-0.040000,-0.153846,-0.592593,-0.464286,0.448276,-0.233333,0.193548,0.281250,-0.363636,-0.382353,0.228571,0.027778,0.459459,0.000000,0.307692,-0.275000,-0.097561,0.166667,-0.534884,-0.227273,0.355556,0.065217,-0.148936,0.604167,-0.122449,0.080000,-0.117647,1.269231,-0.301887,0.444444,0.036364,-0.732143,0.035088,0.224138,0.254237,0.016667,-0.229508,0.193548,0.158730,0.312500,-0.030769,-0.560606,-0.328358,0.294118,-0.057971,-0.042857,0.394366,-0.347222,0.219178,-0.270270,0.026667,-0.118421,0.129870,-0.025641,-0.164557,-0.200000,-0.135802,-0.463415,-0.096386,-0.226190,-0.117647,-0.604651,0.045977,-0.136364,0.044944,0.222222,0.076923,0.054348,-0.290323,-0.117021,0.768421,-0.041667,0.216495,0.193878,0.333333,0.030000,
0.000000,0.500000,0.000000,0.000000,-0.200000,0.333333,0.285714,0.125000,0.000000,0.400000,0.363636,0.083333,0.307692,0.571429,-0.600000,0.125000,0.176471,0.333333,0.105263,0.200000,-0.238095,-0.590909,-0.521739,-0.666667,0.240000,-0.192308,0.000000,0.142857,-0.068966,-0.300000,0.000000,0.343750,-0.242424,-0.441176,0.571429,-0.500000,0.054054,0.210526,0.384615,0.375000,0.048780,0.142857,0.604651,0.068182,0.600000,-0.391304,-0.063830,-0.437500,0.102041,0.020000,-0.490196,0.173077,0.603774,0.018519,-0.127273,0.035714,0.017544,0.551724,0.288136,0.083333,0.213115,0.564516,0.000000,-0.250000,0.215385,-0.181818,0.119403,0.176471,0.057971,-0.114286,0.014085,-0.138889,-0.315068,0.405405,-0.106667,-0.026316,0.415584,0.141026,0.189873,0.350000,0.246914,0.060976,-0.265060,-0.369048,-0.070588,-0.267442,0.379310,-0.284091,-0.056180,-0.811111,0.175824,-0.336957,0.236559,-0.053191,-0.221053,-0.083333,0.020619,0.285714,-0.363636,0.240000,
0.000000,-0.500000,-0.333333,0.000000,-0.200000,0.500000,0.285714,0.250000,-0.333333,0.600000,-0.090909,0.166667,-0.307692,0.785714,-0.333333,0.625000,-0.647059,0.722222,0.263158,-0.400000,0.238095,-0.181818,1.043478,-0.083333,0.000000,0.615385,-0.555556,0.607143,0.586207,-0.366667,-0.258065,0.406250,-0.121212,-0.823529,-0.685714,-0.194444,0.162162,-0.605263,0.358974,0.250000,0.024390,-0.071429,-0.325581,-0.159091,0.200000,-0.369565,0.021277,-0.250000,0.693878,-0.080000,-0.137255,0.288462,0.150943,-0.148148,0.290909,-0.160714,0.000000,0.206897,0.067797,-0.850000,-0.508197,-0.161290,-0.365079,0.187500,-0.107692,0.303030,0.104478,-0.323529,-0.086957,-0.142857,-0.056338,0.416667,0.287671,-0.135135,0.106667,-0.092105,0.129870,-0.012821,-0.227848,-0.025000,-0.395062,0.207317,0.048193,-0.261905,-0.082353,-0.290698,0.034483,-0.022727,0.224719,0.177778,0.043956,-0.369565,-0.354839,0.000000,0.326316,-0.239583,0.319588,-0.183673,-0.272727,0.070000,
0.000000,0.500000,0.000000,0.000000,0.400000,0.666667,-0.285714,-0.250000,0.000000,1.500000,-0.363636,0.750000,0.307692,-0.285714,0.133333,0.000000,0.176471,-0.500000,0.000000,-0.400000,-0.095238,-0.590909,0.000000,0.458333,0.760000,0.307692,0.259259,-0.571429,-0.172414,-0.033333,-0.064516,0.218750,-0.393939,-0.323529,-0.828571,0.083333,0.000000,-0.131579,0.025641,0.300000,0.341463,-0.500000,-0.023256,0.340909,-0.888889,0.304348,0.319149,-0.020833,0.081633,0.560000,0.392157,0.403846,0.094340,-0.129630,-0.363636,-0.321429,0.105263,-0.586207,0.033898,0.083333,-0.098361,-0.306452,0.174603,0.140625,0.323077,0.439394,0.552239,-0.088235,0.376812,0.214286,0.154930,-0.138889,0.013699,-0.175676,0.266667,0.210526,0.259740,-0.192308,-0.139241,-0.137500,-0.345679,0.121951,-0.024096,-0.107143,0.141176,-0.023256,-0.068966,-0.090909,-0.303371,-0.433333,0.120879,-0.010870,0.053763,0.053191,-0.557895,-0.250000,-0.082474,-0.204082,-0.040404,0.530000,
0.000000,-0.500000,0.333333,-0.500000,0.200000,0.166667,0.285714,0.750000,-0.222222,0.400000,0.818182,0.833333,-0.615385,-1.000000,0.000000,-0.312500,-0.235294,0.944444,-0.789474,0.750000,0.095238,0.363636,-0.086957,0.333333,-0.160000,-0.115385,-0.481481,0.821429,-0.172414,-0.066667,0.000000,0.062500,-0.121212,0.117647,0.057143,0.500000,0.054054,-0.026316,0.051282,-0.075000,0.536585,0.261905,0.279070,0.613636,0.288889,-0.326087,0.170213,0.395833,-0.714286,-0.340000,-0.294118,0.057692,-0.169811,0.037037,0.345455,0.035714,-0.228070,0.206897,-0.644068,0.216667,0.327869,0.145161,-0.047619,0.375000,0.523077,0.121212,0.567164,-0.205882,-0.217391,0.371429,-0.098592,-0.277778,-0.150685,0.189189,-0.613333,-0.197368,0.402597,-0.474359,-0.278481,0.462500,0.592593,-0.158537,-0.144578,0.190476,-0.023529,-0.023256,-0.218391,-0.318182,-0.202247,0.133333,-0.142857,0.086957,0.150538,0.117021,-0.073684,-0.031250,0.134021,0.387755,0.080808,-0.100000,
0.000000,-0.500000,0.000000,0.500000,1.000000,0.666667,-0.285714,0.375000,0.111111,0.100000,-0.545455,-1.166667,0.153846,-0.500000,0.600000,0.187500,0.941176,0.055556,-0.157895,0.300000,-0.952381,0.272727,0.217391,-0.291667,0.320000,0.307692,0.259259,-0.214286,0.793103,0.466667,0.290323,0.625000,-0.393939,-0.147059,0.171429,0.166667,-0.054054,0.368421,-0.435897,0.775000,-0.414634,-0.523810,0.325581,0.136364,0.422222,0.434783,0.340426,-0.520833,-0.020408,-0.460000,0.000000,-0.596154,0.207547,-0.425926,-0.181818,0.232143,-0.192982,-0.017241,0.322034,-0.283333,0.508197,0.370968,-0.317460,0.156250,0.061538,-0.636364,-0.044776,-1.088235,0.405797,-0.114286,0.042254,0.027778,-0.616438,-0.324324,0.120000,-0.276316,-0.220779,0.025641,-0.544304,0.100000,-0.259259,-0.207317,0.325301,-0.011905,0.141176,0.139535,0.517241,0.000000,-0.078652,-0.300000,-0.241758,-0.413043,-0.118280,0.085106,0.052632,0.114583,-0.371134,0.173469,-0.171717,0.420000,
0.000000,0.500000,0.000000,0.500000,0.000000,-0.500000,0.285714,-0.750000,0.777778,-0.500000,-0.090909,1.000000,-0.461538,-0.142857,0.000000,0.687500,0.235294,-0.722222,0.157895,0.250000,-0.476190,0.818182,-0.260870,-0.041667,-0.960000,0.230769,-0.185185,0.035714,0.103448,0.133333,0.741935,0.187500,0.060606,-0.500000,-0.028571,-0.027778,-0.675676,0.342105,-0.692308,0.000000,0.146341,-0.285714,-0.511628,-0.022727,-0.133333,0.347826,-0.234043,0.291667,-0.367347,0.040000,0.039216,0.230769,-0.981132,0.370370,0.272727,-0.446429,-0.298246,0.293103,-0.305085,0.050000,-0.016393,-0.112903,-0.412698,0.000000,0.246154,-0.075758,-0.179104,0.235294,-0.043478,-0.314286,-0.281690,-0.361111,0.068493,0.094595,0.373333,-0.368421,-0.116883,-0.076923,0.177215,-0.262500,-0.012346,0.024390,-0.325301,0.273810,-0.023529,0.232558,-0.149425,0.034091,-0.168539,0.155556,0.153846,-0.163043,-0.150538,-0.053191,-0.136842,0.187500,0.092784,-0.071429,-0.262626,0.100000,
0.000000,0.500000,-0.333333,0.500000,1.000000,-0.833333,-0.142857,0.250000,0.333333,-0.200000,0.909091,-1.250000,-0.307692,-0.285714,-1.000000,0.062500,0.000000,0.000000,0.473684,-0.050000,-0.190476,-1.409091,0.217391,-0.041667,0.600000,0.192308,-0.555556,-0.392857,0.034483,-0.166667,0.483871,0.031250,-0.090909,0.529412,-0.028571,0.361111,0.081081,0.131579,-0.179487,0.675000,0.268293,0.309524,0.000000,0.045455,-0.244444,0.217391,0.000000,0.083333,-0.469388,0.160000,0.509804,-0.211538,0.433962,-0.518519,0.000000,-0.178571,-0.263158,0.241379,0.288136,-0.133333,-0.147541,-0.016129,0.111111,-0.546875,-0.184615,-0.242424,-0.059701,-0.088235,-0.362319,-0.142857,-0.380282,-0.375000,-0.328767,-0.418919,-0.040000,-0.118421,0.000000,0.320513,0.341772,0.100000,-0.234568,0.085366,-0.228916,-0.142857,0.023529,0.232558,0.103448,0.056818,-0.168539,0.188889,0.021978,0.347826,0.182796,0.117021,-0.178947,-0.375000,-0.134021,0.336735,-0.202020,-0.100000,
0.000000,-0.500000,0.000000,0.500000,-0.600000,-0.500000,-0.428571,1.625000,-0.222222,-0.100000,-1.090909,-0.083333,-0.153846,0.357143,-0.200000,-0.437500,0.352941,-0.722222,-0.421053,-0.250000,0.333333,0.227273,-0.521739,0.625000,0.000000,0.346154,-0.111111,0.214286,0.689655,-0.633333,0.129032,-0.031250,-0.030303,0.382353,0.542857,0.444444,-0.378378,0.421053,-0.435897,-0.050000,-0.268293,-0.333333,-0.418605,0.681818,0.022222,0.217391,-0.659574,-0.375000,-0.673469,-0.420000,0.058824,0.173077,0.358491,-0.018519,0.109091,0.089286,0.438596,-0.500000,-0.830508,0.233333,0.327869,-0.225806,-0.698413,0.359375,-0.123077,0.196970,-0.208955,0.014706,0.028986,0.057143,-0.014085,0.041667,0.397260,-0.081081,0.373333,0.184211,-0.051948,-0.128205,0.126582,0.012500,-0.024691,0.402439,-0.024096,0.130952,-0.047059,0.081395,0.241379,0.431818,0.000000,-0.022222,0.120879,-0.032609,-0.043011,0.223404,-0.378947,-0.489583,0.237113,-0.255102,0.000000,0.110000,
0.000000,0.500000,-0.333333,0.500000,0.400000,-0.500000,1.142857,-0.250000,0.111111,-0.700000,0.363636,0.500000,0.230769,0.500000,-0.200000,0.000000,-0.117647,-0.333333,-0.526316,0.050000,0.333333,0.181818,0.086957,-0.333333,0.600000,0.269231,-0.518519,-0.107143,-0.379310,0.166667,-0.129032,-0.406250,-0.575758,-0.176471,0.371429,0.333333,-0.135135,-0.184211,-0.820513,-0.075000,0.439024,0.000000,0.279070,-0.181818,-0.444444,0.195652,-0.148936,-0.229167,0.346939,0.320000,-0.450980,-0.442308,-0.207547,-0.166667,-0.363636,0.250000,0.210526,0.086207,-0.355932,-0.783333,-0.049180,0.064516,-0.333333,-0.359375,-0.092308,0.045455,-0.388060,-0.044118,0.536232,0.371429,-0.422535,0.513889,0.150685,0.675676,-0.240000,-0.078947,-0.220779,-0.269231,-0.151899,0.925000,0.012346,0.292683,0.108434,-0.202381,0.317647,0.406977,0.379310,0.113636,-0.325843,-0.300000,-0.109890,0.228261,-0.150538,0.106383,0.200000,-0.010417,0.257732,-0.244898,0.191919,-0.120000,
0.000000,0.500000,1.000000,1.500000,-0.400000,-0.500000,-1.142857,0.750000,0.333333,1.000000,-1.090909,-0.250000,0.461538,-1.428571,0.333333,0.812500,-0.235294,-0.055556,0.052632,0.200000,-0.190476,0.727273,-0.173913,-0.250000,0.520000,0.192308,-0.592593,0.285714,0.551724,0.133333,-0.774194,0.093750,-0.363636,0.235294,-0.314286,-0.361111,-0.162162,-0.763158,0.102564,-0.125000,0.000000,-0.428571,1.046512,-0.886364,-0.622222,0.478261,-0.191489,0.062500,-0.244898,-0.640000,-0.313725,-0.307692,0.301887,-0.259259,0.163636,-0.178571,0.368421,-0.120690,0.033898,0.366667,0.098361,-0.677419,-0.031746,-0.093750,0.369231,-0.424242,0.134328,0.088235,0.246377,0.171429,-0.098592,0.305556,0.479452,0.189189,-0.080000,-0.131579,0.337662,0.089744,-0.329114,0.275000,-0.370370,0.060976,0.108434,-0.440476,0.082353,0.046512,-0.229885,0.477273,-0.078652,0.233333,-0.043956,0.130435,0.182796,0.053191,-0.147368,0.145833,-0.350515,0.010204,0.141414,-0.250000,
0.000000,-0.500000,-0.333333,0.000000,0.400000,0.666667,0.000000,0.500000,-0.555556,-0.300000,-0.545455,-1.583333,0.384615,0.000000,0.600000,-0.125000,-0.176471,0.111111,0.210526,0.650000,0.047619,0.045455,-0.173913,-0.708333,0.200000,-0.076923,0.037037,-0.142857,-0.034483,0.000000,-0.516129,0.281250,-0.333333,-0.117647,-0.600000,0.416667,0.027027,0.447368,-0.051282,0.200000,-0.292683,-0.047619,0.069767,-0.159091,0.000000,-0.260870,0.212766,-0.020833,0.428571,-0.340000,0.117647,0.057692,0.452830,-0.074074,-0.054545,-0.071429,0.263158,0.241379,0.152542,0.316667,0.311475,-0.080645,0.793651,-0.046875,-0.123077,-0.181818,0.104478,0.485294,0.304348,0.100000,0.338028,-0.222222,0.082192,0.067568,-0.066667,-0.223684,-0.142857,-0.320513,-0.860759,-0.025000,0.185185,0.207317,0.012048,-0.107143,-0.058824,-0.372093,-0.126437,-0.056818,0.258427,0.177778,-0.274725,-0.119565,-0.247312,0.010638,-0.421053,-0.229167,0.422680,0.448980,-0.131313,-0.190000,
0.000000,-0.500000,-1.000000,0.000000,-0.200000,-0.833333,-1.428571,-1.000000,0.111111,-0.400000,0.636364,-1.250000,-0.230769,-0.357143,-0.066667,0.937500,-0.294118,-0.444444,-0.105263,-0.250000,-0.238095,0.000000,0.478261,-0.083333,0.560000,-0.038462,0.703704,-0.357143,-0.413793,-0.166667,-0.967742,-0.468750,0.575758,0.441176,-0.257143,0.250000,0.324324,-0.052632,-0.512821,-0.600000,-0.658537,-0.309524,-0.511628,-0.340909,0.022222,-0.195652,-0.127660,-0.354167,-0.244898,0.200000,0.725490,0.153846,-0.547170,0.370370,0.127273,-0.232143,0.473684,0.137931,0.152542,0.550000,-0.377049,0.048387,0.111111,0.265625,0.030769,-0.136364,-0.089552,-0.191176,-0.231884,0.642857,0.140845,-0.041667,0.000000,-0.337838,-0.066667,-0.105263,0.194805,-0.102564,-0.177215,0.400000,-0.493827,-0.012195,-0.060241,-0.476190,0.423529,-0.116279,0.103448,0.590909,0.033708,0.077778,0.065934,-0.282609,0.548387,-0.170213,0.231579,-0.281250,-0.092784,-0.142857,-0.222222,0.240000,
0.000000,-0.500000,1.000000,0.500000,0.000000,0.166667,-0.428571,-0.500000,0.333333,0.700000,0.090909,0.333333,-0.461538,-0.071429,0.466667,0.062500,-0.176471,0.444444,-0.052632,-0.300000,-0.047619,-0.500000,-0.869565,0.333333,-0.200000,0.500000,0.555556,-0.571429,0.517241,0.800000,-0.387097,0.187500,0.000000,0.000000,-0.657143,0.277778,-0.513514,-0.263158,-0.230769,0.550000,-0.170732,0.119048,-0.395349,0.409091,0.088889,0.108696,0.212766,0.041667,0.142857,0.220000,0.176471,-0.384615,-0.075472,-0.240741,0.036364,0.160714,-0.175439,-0.172414,0.135593,-0.050000,0.098361,-0.080645,-0.571429,0.015625,-0.323077,-0.348485,-0.059701,-0.058824,-0.101449,0.042857,0.323944,-0.194444,0.219178,0.162162,0.173333,0.092105,0.129870,-0.307692,0.291139,-0.162500,0.086420,-0.341463,-0.397590,-0.107143,-0.070588,-0.476744,-0.402299,-0.193182,-0.089888,-0.144444,-0.098901,0.010870,-0.118280,-0.308511,0.031579,0.020833,-0.226804,0.234694,0.171717,-0.030000,
0.000000,-0.500000,0.000000,0.000000,-0.200000,0.166667,0.000000,-0.125000,1.666667,0.400000,-0.181818,1.000000,0.230769,-0.785714,0.866667,-0.187500,0.117647,0.611111,0.684211,-0.950000,-0.190476,0.227273,0.086957,0.416667,0.440000,0.076923,0.148148,0.571429,-0.655172,-0.366667,0.161290,0.156250,-0.363636,0.029412,0.828571,-0.527778,-0.081081,-0.105263,0.076923,-0.350000,0.219512,0.357143,0.302326,-0.250000,0.311111,0.043478,-0.021277,0.187500,-0.102041,-0.060000,-0.352941,-0.134615,0.603774,0.166667,-0.218182,0.089286,0.315789,-0.086207,0.423729,-0.400000,0.180328,-0.064516,0.365079,0.109375,0.169231,-0.015152,-0.223881,0.000000,0.014493,0.000000,-0.056338,0.236111,0.342466,-0.135135,-0.346667,0.092105,-0.285714,-0.282051,-0.810127,0.375000,-0.320988,-0.182927,-0.253012,0.202381,0.176471,-0.197674,-0.057471,0.250000,-0.213483,-0.377778,0.021978,-0.304348,0.139785,0.329787,-0.189474,-0.354167,0.061856,0.234694,-0.070707,-0.030000,
0.000000,0.500000,-1.000000,0.500000,0.400000,0.833333,0.285714,1.375000,-0.111111,-1.300000,0.545455,-0.250000,-0.230769,0.142857,0.466667,-0.062500,0.823529,-0.666667,-0.473684,0.050000,0.000000,0.318182,-0.434783,0.250000,-0.120000,0.000000,0.259259,-0.892857,0.172414,0.033333,-0.290323,0.250000,-0.151515,0.323529,0.342857,-0.277778,0.594595,-0.447368,-0.307692,0.225000,-0.097561,-0.261905,0.139535,0.613636,-0.155556,-0.065217,-0.382979,-0.166667,0.224490,0.020000,0.294118,-0.192308,-0.150943,-0.333333,-0.036364,0.214286,0.017544,0.293103,0.186441,0.066667,-0.180328,0.145161,0.206349,0.562500,0.015385,-0.287879,0.194030,0.058824,0.057971,0.114286,-0.183099,0.277778,-0.164384,0.081081,0.240000,0.513158,-0.090909,0.423077,-0.291139,0.125000,-0.024691,-0.024390,0.445783,-0.047619,0.152941,0.267442,0.517241,0.284091,-0.022472,-0.122222,-0.186813,-0.228261,0.086022,-0.117021,0.442105,0.052083,-0.494845,0.244898,-0.232323,0.010000,
0.000000,0.500000,0.000000,0.500000,-0.200000,-0.166667,0.571429,-0.500000,0.333333,-0.100000,0.545455,1.333333,0.384615,0.000000,0.066667,-0.312500,-1.235294,-0.277778,-1.105263,-0.300000,0.000000,-0.045455,-0.043478,-0.291667,0.520000,0.153846,-0.111111,-0.750000,0.103448,0.000000,-0.225806,0.781250,0.484848,-0.294118,0.114286,1.194444,0.405405,-0.026316,-0.025641,-0.225000,0.000000,0.119048,0.139535,0.159091,0.466667,0.347826,0.446809,-0.729167,-0.040816,-0.020000,-0.196078,1.057692,-0.301887,0.296296,0.345455,-0.107143,-0.157895,0.241379,-0.389831,-0.016667,0.049180,0.064516,0.158730,-0.656250,-0.323077,0.363636,-0.253731,-0.088235,0.260870,-0.157143,-0.042254,0.263889,-0.068493,0.121622,-0.253333,-0.447368,-0.350649,-0.192308,-0.164557,0.087500,-0.123457,-0.231707,0.000000,-0.130952,0.152941,-0.104651,-0.218391,0.011364,0.000000,0.022222,0.021978,0.130435,0.258065,-0.340426,0.063158,-0.062500,-0.175258,0.040816,-0.181818,-0.020000,
0.000000,0.500000,1.000000,-0.500000,1.000000,0.000000,-0.285714,0.750000,0.111111,0.200000,1.090909,0.583333,-1.692308,0.285714,0.000000,0.812500,-0.235294,0.833333,0.210526,-0.200000,0.238095,0.227273,-0.391304,0.541667,-0.560000,0.538462,0.629630,0.142857,-0.275862,-0.166667,0.258065,0.406250,0.303030,0.382353,0.028571,-0.027778,-0.189189,0.815789,0.076923,0.075000,0.048780,-0.452381,-0.139535,0.090909,0.066667,-0.282609,0.106383,0.458333,0.102041,-0.200000,0.078431,0.942308,-0.037736,0.555556,-0.072727,-0.375000,-0.035088,-0.568966,0.000000,0.333333,0.754098,-0.161290,0.285714,0.031250,0.569231,-0.181818,0.134328,-0.058824,0.130435,0.014286,0.084507,0.208333,-0.150685,0.013514,-0.160000,0.092105,-0.194805,0.153846,0.506329,0.025000,0.037037,0.500000,0.180723,-0.214286,0.294118,0.197674,-0.068966,-0.261364,0.112360,-0.022222,-0.197802,-0.391304,0.182796,-0.265957,-0.168421,-0.093750,-0.092784,0.142857,-0.080808,0.120000,
0.000000,-0.500000,-0.333333,0.000000,-1.000000,0.500000,0.285714,0.125000,-0.777778,1.200000,0.000000,0.416667,-0.384615,0.857143,-0.066667,-0.125000,-0.176471,-0.277778,-0.052632,0.400000,0.476190,0.409091,-0.521739,0.166667,-0.040000,-0.115385,0.222222,-0.178571,-0.344828,0.466667,-0.193548,-0.062500,0.181818,-0.382353,-0.228571,0.611111,0.027027,-0.157895,0.051282,-0.125000,0.341463,-0.142857,0.046512,-0.045455,-0.022222,0.391304,-0.723404,-0.145833,0.061224,0.220000,-0.333333,0.326923,0.716981,0.037037,0.127273,-0.375000,-0.245614,-0.086207,0.118644,0.316667,0.081967,-0.338710,-0.269841,0.046875,0.123077,-0.212121,0.358209,-0.588235,-0.144928,0.100000,-0.366197,0.625000,-0.013699,0.189189,0.240000,0.118421,-0.025974,0.448718,0.316456,-0.162500,-0.037037,-0.182927,0.096386,0.047619,-0.082353,0.093023,0.045977,0.397727,0.134831,-0.644444,0.186813,-0.173913,0.225806,0.138298,0.200000,0.343750,0.010309,0.132653,0.121212,0.070000,
0.000000,0.500000,1.000000,0.500000,0.200000,0.500000,0.571429,0.250000,0.333333,-0.100000,0.090909,0.416667,-0.846154,0.142857,0.333333,0.187500,-0.647059,-0.666667,-0.368421,0.000000,0.285714,-0.090909,-0.608696,0.208333,0.120000,0.269231,-0.185185,0.000000,0.586207,-0.400000,-0.580645,0.437500,-0.363636,-0.529412,0.085714,-0.194444,0.108108,-1.000000,0.025641,-0.800000,-0.195122,-0.071429,0.093023,0.113636,-0.133333,-0.065217,-0.212766,0.208333,0.102041,-0.240000,0.254902,-0.346154,0.037736,-0.074074,-0.200000,0.178571,0.175439,0.000000,0.237288,0.250000,-0.016393,-0.258065,0.000000,-0.218750,-0.184615,0.318182,-0.597015,0.205882,-0.130435,0.085714,-0.760563,-0.208333,-0.150685,0.202703,0.173333,0.407895,0.051948,-0.346154,-0.531646,0.125000,0.135802,-0.231707,-0.156627,0.035714,0.082353,0.127907,0.091954,-0.022727,-0.213483,0.077778,0.131868,-0.195652,0.247312,0.106383,0.221053,-0.166667,-0.257732,-0.275510,-0.141414,0.130000,
0.000000,-0.500000,1.000000,-1.500000,0.200000,-0.500000,0.857143,-1.375000,-0.888889,-0.800000,0.363636,0.083333,0.384615,0.142857,-0.466667,0.062500,0.764706,0.500000,-1.421053,-0.650000,-0.142857,0.181818,0.086957,-0.125000,-0.840000,-1.192308,0.555556,0.000000,0.206897,0.400000,0.612903,0.250000,0.303030,-0.352941,-0.171429,0.500000,0.648649,-0.473684,0.051282,-0.175000,0.170732,0.000000,-0.116279,-0.613636,0.022222,0.021739,-0.340426,0.104167,0.408163,-0.260000,0.411765,-0.500000,0.490566,0.333333,-0.254545,-0.178571,0.456140,-0.155172,0.237288,-0.066667,0.245902,0.048387,-0.365079,-0.218750,0.184615,-0.060606,-0.164179,-0.102941,-0.086957,-0.057143,-0.225352,0.250000,-0.191781,0.027027,-0.293333,0.052632,0.129870,0.525641,0.164557,0.137500,-0.049383,0.121951,-0.253012,-0.214286,0.188235,-0.034884,0.367816,-0.204545,-0.123596,0.433333,-0.076923,-0.065217,0.387097,-0.127660,0.221053,-0.072917,0.175258,-0.051020,-0.010101,0.040000,
0.000000,-0.500000,0.333333,-1.500000,0.200000,0.166667,0.571429,-0.125000,0.777778,0.100000,0.636364,-0.750000,0.076923,0.000000,-0.333333,0.187500,-0.235294,-0.111111,-0.684211,-0.050000,-0.714286,-0.318182,0.347826,0.166667,0.520000,-0.115385,0.222222,0.571429,0.206897,-0.366667,-0.129032,0.031250,0.212121,0.088235,-0.257143,0.500000,0.135135,0.500000,0.076923,0.050000,0.048780,-0.023810,-0.279070,-0.636364,-0.377778,-0.108696,0.000000,0.229167,0.081633,0.080000,0.235294,-0.250000,-0.471698,-0.203704,-0.181818,0.321429,0.052632,0.310345,-0.152542,0.000000,0.180328,0.338710,0.396825,-0.484375,-0.107692,0.303030,0.179104,0.117647,0.115942,0.300000,0.014085,-0.194444,0.109589,-0.027027,0.093333,-0.052632,-0.129870,0.269231,-0.253165,-0.175000,-0.185185,-0.207317,-0.313253,0.035714,-0.082353,0.174419,-0.241379,0.397727,0.011236,-0.011111,0.263736,0.000000,-0.182796,-0.361702,-0.073684,-0.177083,-0.237113,-0.173469,0.212121,-0.320000,
0.000000,-0.500000,0.000000,-0.500000,1.000000,0.500000,0.000000,-1.500000,0.000000,-0.900000,0.272727,-0.583333,-0.307692,0.428571,0.400000,-0.250000,0.352941,-0.055556,0.157895,0.350000,-1.047619,-0.090909,0.478261,-0.875000,-0.480000,-0.115385,0.259259,0.107143,-0.034483,-0.200000,0.612903,-0.562500,0.060606,-0.852941,-0.028571,0.111111,0.027027,0.473684,-0.051282,0.250000,-0.097561,0.119048,-0.627907,0.659091,0.022222,-0.173913,-0.255319,0.541667,-0.020408,0.420000,0.607843,0.115385,-0.339623,0.481481,0.763636,-0.285714,0.315789,0.017241,-0.084746,0.233333,-0.032787,-0.806452,0.095238,0.250000,0.276923,0.606061,0.044776,-0.470588,-1.202899,0.442857,-0.169014,-0.291667,-0.191781,-0.162162,-0.253333,0.013158,0.220779,-0.294872,-0.240506,-0.112500,-0.098765,-0.548780,0.349398,0.178571,-0.470588,0.081395,-0.459770,0.227273,-0.202247,0.033333,0.175824,0.065217,0.139785,-0.340426,-0.157895,-0.031250,-0.092784,-0.367347,0.373737,-0.070000,
0.000000,-0.500000,-0.333333,0.000000,-0.200000,0.166667,0.000000,0.125000,-0.111111,0.800000,-1.000000,-0.250000,1.000000,0.142857,0.066667,0.125000,0.647059,0.111111,0.263158,-0.650000,-0.333333,-0.454545,-0.391304,-0.458333,-0.080000,0.076923,-0.296296,-0.142857,0.310345,-0.733333,-0.193548,-0.250000,0.212121,0.558824,0.428571,-0.222222,0.000000,-0.263158,-0.256410,0.100000,0.073171,-0.142857,0.767442,-0.022727,-0.177778,0.217391,0.468085,-0.479167,0.346939,0.320000,0.294118,0.230769,-0.396226,-0.018519,0.418182,0.071429,0.017544,0.068966,-0.067797,-0.050000,-0.081967,-0.064516,0.142857,-0.109375,0.092308,0.075758,0.253731,-0.191176,0.144928,0.157143,-0.366197,0.083333,-0.315068,0.608108,0.200000,-0.500000,-0.025974,0.410256,-0.215190,-0.325000,0.456790,0.048780,-0.265060,-0.369048,0.047059,0.325581,0.287356,-0.113636,0.280899,0.288889,-0.153846,-0.217391,0.182796,-0.234043,0.157895,-0.229167,-0.061856,-0.316327,-0.242424,-0.160000,
0.000000,0.500000,0.333333,1.500000,0.400000,-0.833333,0.000000,0.375000,0.444444,0.100000,-0.272727,-1.416667,-0.230769,0.214286,0.533333,-0.187500,0.294118,-0.166667,0.578947,0.250000,-0.285714,-0.545455,-0.565217,-0.250000,0.240000,0.115385,0.185185,0.285714,0.206897,-0.266667,0.387097,-0.281250,0.878788,0.088235,0.114286,-0.166667,0.135135,0.447368,-0.025641,0.550000,0.341463,0.619048,0.395349,0.613636,-0.266667,0.130435,-0.595745,-0.062500,0.061224,-0.340000,0.764706,0.096154,0.018868,0.111111,0.181818,-0.142857,-0.350877,-0.103448,-0.016949,-0.200000,0.163934,0.048387,-0.015873,-0.562500,0.276923,0.181818,-0.358209,0.029412,-0.463768,0.071429,-0.070423,-0.291667,-0.136986,0.108108,-0.133333,0.105263,-0.207792,0.102564,0.088608,-0.150000,-0.358025,0.414634,0.469880,-0.011905,0.117647,0.058140,-0.287356,0.113636,0.292135,-0.033333,0.043956,-0.032609,0.236559,-0.223404,-0.389474,-0.104167,0.247423,0.071429,-0.080808,-0.060000,
0.000000,0.500000,1.000000,0.000000,0.200000,1.166667,0.571429,0.125000,0.000000,-0.500000,0.454545,0.750000,-0.076923,-0.571429,0.600000,-0.437500,0.235294,0.000000,-0.315789,0.350000,0.333333,-0.545455,-0.347826,-0.541667,0.480000,-0.884615,-0.296296,0.000000,-0.103448,0.533333,-0.161290,-0.125000,-0.030303,0.529412,-0.257143,0.333333,0.594595,0.368421,-0.051282,-0.250000,-0.585366,-0.309524,0.069767,-0.772727,-0.288889,0.282609,0.553191,-0.166667,-0.122449,0.480000,-0.372549,-0.288462,0.188679,-0.055556,-0.036364,0.232143,-0.105263,-0.137931,0.118644,-0.166667,-0.016393,-0.064516,-0.206349,0.015625,-0.276923,-0.272727,0.059701,0.058824,0.347826,-0.142857,0.098592,-0.291667,0.205479,-0.054054,-0.133333,0.105263,0.000000,0.089744,-0.316456,-0.162500,0.296296,0.207317,-0.036145,0.404762,0.094118,0.058140,-0.034483,-0.318182,0.213483,0.033333,-0.021978,-0.228261,-0.096774,0.106383,-0.010526,-0.062500,-0.340206,-0.040816,0.040404,0.010000,
0.000000,0.500000,-1.000000,0.500000,0.200000,-0.500000,0.571429,0.750000,0.555556,0.000000,0.181818,0.500000,0.000000,0.285714,-0.200000,-0.187500,-0.470588,-0.444444,0.578947,-0.250000,0.000000,0.409091,0.347826,-0.291667,-0.440000,0.307692,0.444444,-0.392857,0.103448,-0.200000,-0.419355,-0.218750,-0.363636,0.117647,-0.142857,0.416667,0.837838,0.210526,-0.461538,0.325000,0.780488,0.119048,0.232558,0.136364,-0.022222,-0.086957,-0.468085,0.250000,-0.061224,0.040000,0.294118,0.057692,0.207547,0.000000,-0.618182,0.053571,0.000000,-0.086207,0.135593,-0.016667,0.262295,0.306452,-0.111111,0.437500,0.384615,0.333333,-0.208955,0.088235,0.028986,-0.400000,-0.732394,0.000000,-0.027397,0.081081,-0.240000,-0.078947,-0.129870,-0.794872,-0.202532,-0.025000,0.172840,-0.182927,0.204819,0.190476,-0.776471,0.232558,-0.149425,-0.363636,0.157303,-0.300000,-0.241758,0.108696,0.311828,0.265957,0.284211,0.031250,-0.175258,-0.183673,0.151515,0.190000,
0.000000,0.500000,0.333333,0.000000,-0.400000,-1.500000,-1.142857,0.000000,0.111111,0.200000,-0.272727,0.583333,-0.769231,0.000000,0.733333,-0.812500,0.235294,0.333333,-0.052632,0.050000,0.333333,0.136364,-0.173913,-0.250000,0.000000,0.192308,0.148148,-0.357143,0.620690,-0.200000,-0.387097,-0.218750,-0.333333,-0.441176,-0.057143,-0.444444,-0.378378,0.000000,0.641026,-0.150000,0.073171,-0.190476,-0.348837,-0.840909,0.000000,0.195652,0.872340,0.395833,0.204082,0.100000,0.313725,-0.576923,-0.830189,-0.203704,0.072727,0.053571,-0.421053,-0.482759,0.220339,0.400000,-0.278689,0.274194,-0.111111,0.156250,0.184615,0.151515,-0.402985,0.044118,0.014493,0.171429,0.154930,0.125000,0.095890,-0.148649,0.026667,-0.026316,0.103896,0.089744,-0.227848,0.225000,-0.604938,-0.268293,-0.506024,0.035714,0.247059,-0.593023,0.091954,-0.284091,0.359551,0.177778,-0.054945,0.597826,0.150538,-0.031915,0.147368,-0.041667,-0.134021,0.438776,-0.323232,0.270000,
0.000000,-0.500000,0.333333,-1.000000,-0.200000,0.166667,-0.285714,-0.375000,-0.555556,-0.400000,-0.454545,-0.916667,0.692308,-0.285714,0.466667,-0.437500,0.294118,0.500000,-0.210526,0.450000,0.809524,0.181818,0.391304,0.458333,-0.520000,0.346154,-0.481481,0.535714,-0.448276,0.433333,-0.387097,0.031250,-0.151515,1.088235,-0.400000,0.194444,0.351351,0.000000,0.410256,-0.050000,0.707317,0.404762,-0.093023,-0.181818,-0.511111,0.500000,-0.574468,0.104167,-0.081633,0.160000,0.333333,0.096154,0.150943,0.407407,-1.054545,-0.428571,0.087719,-0.465517,0.542373,-0.300000,-0.508197,-0.064516,0.095238,-0.109375,-0.153846,-0.378788,0.268657,0.220588,-0.318841,0.128571,0.084507,0.000000,-0.150685,0.351351,-0.120000,-0.105263,0.168831,0.205128,-0.139241,-0.137500,0.135802,-0.109756,0.301205,0.059524,-0.011765,-0.081395,0.034483,0.034091,-0.022472,0.255556,0.296703,-0.532609,0.215054,0.117021,0.157895,-0.062500,-0.453608,-0.071429,0.060606,0.260000,
0.000000,-0.500000,-0.333333,0.000000,-1.000000,0.666667,1.142857,-0.375000,0.777778,-0.200000,0.181818,-0.250000,0.692308,0.428571,0.266667,-0.500000,-0.529412,0.666667,-0.263158,0.650000,0.000000,-0.136364,-0.304348,0.166667,0.080000,0.769231,-0.629630,-0.500000,-0.310345,0.033333,0.161290,0.437500,-0.454545,-0.176471,-0.371429,0.083333,0.378378,0.236842,-0.076923,-0.125000,-0.097561,-0.238095,-0.116279,-0.022727,-0.333333,-0.260870,0.042553,0.166667,0.265306,-0.240000,-0.098039,0.057692,-0.396226,-0.240741,0.454545,-0.035714,0.228070,-0.206897,-0.271186,0.600000,0.409836,0.209677,-0.015873,0.015625,0.307692,-0.469697,-0.343284,0.161765,-0.086957,0.914286,0.098592,-0.041667,0.301370,0.243243,0.186667,-0.500000,0.454545,0.217949,-0.518987,-0.037500,-0.320988,-0.353659,-0.349398,-0.011905,-0.047059,0.290698,-0.367816,0.193182,0.235955,-0.155556,0.208791,-0.163043,-0.268817,0.265957,-0.200000,-0.239583,-0.216495,0.234694,0.292929,0.140000,
0.000000,-0.500000,0.333333,-0.500000,-0.400000,2.500000,0.000000,0.000000,0.111111,-0.100000,-1.000000,0.750000,-0.153846,-0.214286,0.200000,0.312500,0.000000,-0.166667,-1.421053,-0.750000,0.000000,0.227273,-0.173913,0.416667,0.040000,-0.115385,-0.629630,-0.107143,0.517241,0.233333,-0.193548,-0.125000,-0.393939,0.294118,-0.114286,0.888889,-0.432432,0.078947,-0.179487,0.125000,-0.146341,0.071429,0.116279,-0.045455,-0.177778,-0.043478,-0.276596,0.229167,-0.285714,0.080000,-0.117647,0.076923,0.452830,0.222222,-0.072727,0.000000,-0.122807,0.275862,0.661017,0.200000,-0.262295,0.435484,0.063492,0.281250,0.123077,0.257576,0.776119,0.088235,-0.260870,0.485714,-0.140845,-0.305556,-0.232877,0.081081,-0.053333,0.026316,0.142857,0.012821,-0.126582,0.575000,0.358025,-0.341463,-0.253012,-0.464286,-0.176471,0.616279,0.517241,-0.181818,0.247191,-0.466667,0.153846,0.108696,0.279570,0.191489,-0.200000,-0.010417,0.030928,-0.204082,-0.121212,-0.070000,
0.000000,-0.500000,0.000000,-0.500000,2.000000,0.166667,0.571429,0.375000,-0.222222,-0.200000,0.818182,0.583333,-0.076923,1.428571,-0.466667,-0.437500,0.823529,0.000000,0.894737,-1.000000,0.047619,-0.500000,0.260870,0.041667,0.160000,0.384615,0.148148,0.000000,-0.310345,-0.466667,0.225806,-0.937500,0.606061,0.794118,-0.171429,0.000000,-0.108108,-0.105263,-0.102564,0.100000,-0.463415,0.190476,0.558140,0.568182,0.088889,0.043478,0.361702,0.375000,-0.693878,-0.100000,-0.235294,-0.173077,-0.037736,-0.129630,0.418182,-0.392857,0.105263,0.120690,0.423729,0.200000,0.065574,-0.016129,0.317460,-0.171875,-0.061538,0.484848,-0.119403,0.220588,-0.217391,0.185714,0.211268,-0.416667,-0.232877,0.054054,0.053333,0.105263,0.129870,-0.089744,-0.050633,-0.462500,0.395062,0.231707,-0.108434,-0.047619,0.129412,0.162791,0.034483,-0.113636,0.033708,-0.244444,-0.307692,0.228261,0.010753,-0.234043,0.894737,0.041667,0.072165,0.316327,0.171717,0.240000,
0.000000,0.500000,-0.333333,-0.500000,0.800000,-0.166667,-0.142857,0.250000,0.222222,0.200000,-0.090909,0.583333,0.538462,-0.142857,0.466667,0.812500,-0.235294,-0.500000,1.263158,-0.200000,-0.523810,-0.272727,-0.217391,-0.041667,0.560000,0.192308,-0.444444,0.428571,-0.034483,-0.300000,0.258065,0.406250,-0.090909,0.323529,-0.571429,-0.611111,0.135135,-0.131579,-0.282051,-0.200000,0.024390,-0.357143,0.000000,-0.636364,0.266667,-0.347826,0.489362,0.083333,-0.122449,-0.140000,0.098039,0.346154,-0.113208,-0.462963,-0.018182,0.160714,0.175439,-0.051724,0.152542,-0.083333,-0.327869,-0.161290,-0.365079,0.000000,-0.015385,0.045455,0.089552,-0.044118,-0.318841,-0.371429,0.239437,-0.361111,-0.575342,0.243243,-0.400000,0.500000,0.363636,0.243590,0.240506,-0.112500,0.222222,0.231707,-0.012048,0.369048,-0.105882,-0.104651,0.011494,-0.181818,0.089888,0.055556,0.406593,0.076087,-0.107527,-0.489362,-0.073684,0.020833,0.072165,-0.275510,-0.151515,-0.100000,
0.000000,-0.500000,0.000000,0.500000,-0.200000,0.333333,0.142857,-0.375000,-0.444444,-0.800000,0.181818,-0.250000,0.230769,0.142857,-0.200000,-0.312500,-0.352941,-0.222222,0.210526,-0.150000,-0.523810,0.409091,0.304348,0.583333,-0.400000,0.076923,0.555556,-0.214286,0.344828,-0.366667,-0.161290,-0.062500,-0.090909,-0.352941,0.000000,-0.500000,-0.405405,0.157895,-0.128205,-0.175000,0.097561,-0.071429,-0.325581,-0.227273,0.133333,0.652174,-0.702128,-0.562500,-0.122449,-0.120000,0.078431,-0.096154,-0.094340,-0.203704,0.236364,-0.053571,0.333333,0.241379,-0.305085,0.066667,0.229508,-0.306452,-0.063492,0.015625,-0.707692,0.348485,-0.104478,0.058824,0.420290,-0.485714,-0.408451,0.236111,-0.109589,-0.310811,-0.040000,-0.197368,-0.025974,-0.384615,0.113924,-0.300000,0.246914,0.195122,-0.204819,-0.059524,-0.270588,0.000000,0.022989,0.363636,-0.056180,-0.177778,0.208791,-0.043478,-0.139785,-0.308511,0.094737,0.052083,-0.216495,0.091837,0.181818,-0.190000,
0.000000,0.500000,0.000000,0.000000,0.400000,-0.500000,0.285714,-1.000000,0.666667,0.000000,0.363636,0.500000,0.076923,0.000000,-0.466667,0.562500,-0.705882,-0.666667,-0.368421,-1.000000,-0.095238,-0.181818,-0.826087,0.750000,-0.280000,0.192308,0.037037,0.107143,-0.103448,-0.033333,-0.193548,-0.718750,-0.484848,-0.588235,0.114286,-0.055556,0.189189,0.210526,-0.025641,-0.050000,-0.097561,0.261905,0.395349,0.181818,0.022222,0.065217,-0.127660,0.375000,-0.040816,-0.300000,0.352941,-0.230769,-0.132075,0.370370,0.236364,-0.107143,-0.368421,-0.206897,0.610169,0.333333,0.131148,-0.161290,-0.222222,0.203125,-0.123077,-0.166667,-0.402985,0.102941,0.246377,0.285714,-0.267606,0.347222,0.301370,-0.391892,0.066667,-0.250000,0.363636,-0.166667,-0.215190,-0.500000,0.185185,0.048780,-0.168675,0.000000,-0.282353,-0.267442,0.080460,0.193182,-0.449438,-0.044444,0.098901,0.184783,-0.053763,0.106383,-0.157895,0.093750,-0.175258,-0.306122,0.303030,0.000000,
0.000000,-0.500000,0.333333,1.500000,0.600000,0.833333,0.285714,0.500000,0.111111,-0.500000,0.363636,-1.833333,-0.153846,0.428571,0.533333,0.375000,0.941176,0.166667,-0.157895,-0.100000,0.619048,0.909091,-0.304348,0.125000,-0.720000,-0.346154,-0.407407,-0.142857,-0.379310,-0.300000,0.387097,0.281250,-0.393939,0.323529,-0.742857,0.027778,0.054054,-0.605263,-0.128205,-0.100000,0.195122,-0.119048,0.000000,0.227273,0.244444,0.000000,0.063830,0.041667,-0.020408,-0.060000,0.568627,0.423077,-0.377358,-0.203704,0.309091,0.500000,-0.280702,0.172414,-0.423729,-0.800000,-0.213115,-0.112903,-0.095238,-0.031250,-0.030769,-0.409091,0.268657,0.044118,0.405797,-0.185714,0.028169,-0.125000,-0.082192,0.067568,0.360000,0.092105,-0.168831,-0.115385,-0.253165,0.237500,0.185185,-0.341463,0.156627,-0.154762,0.423529,0.290698,-0.045977,-0.056818,0.078652,0.266667,-0.010989,-0.097826,-0.430108,0.053191,-0.052632,0.364583,0.422680,-0.173469,-0.262626,-0.340000,
0.000000,-0.500000,0.000000,0.500000,-1.000000,0.000000,0.714286,0.625000,1.000000,0.800000,0.181818,0.916667,-0.307692,0.714286,0.133333,-0.125000,-0.294118,0.222222,0.684211,0.300000,-0.428571,0.500000,0.260870,0.083333,-0.480000,-0.076923,0.555556,0.571429,-0.137931,-0.633333,0.806452,-0.343750,-0.242424,-0.058824,0.142857,0.416667,0.135135,0.105263,-0.205128,0.025000,0.292683,0.047619,0.348837,-0.409091,0.666667,-0.260870,0.000000,-0.208333,-0.244898,-0.220000,-0.078431,0.000000,0.264151,-0.166667,0.127273,0.142857,-0.192982,-0.120690,-0.203390,0.300000,-0.245902,-0.306452,0.111111,0.078125,0.030769,0.409091,0.059701,-0.220588,-0.086957,-0.271429,0.140845,0.291667,-0.452055,0.364865,-0.466667,0.210526,-0.285714,-0.653846,0.025316,-0.012500,0.148148,0.475610,0.036145,-0.214286,0.235294,-0.058140,0.000000,0.136364,-0.112360,-0.100000,0.109890,0.184783,0.311828,0.148936,0.000000,0.468750,0.278351,-0.142857,-0.161616,-0.020000,
0.000000,-0.500000,1.000000,0.000000,-0.200000,0.000000,-0.285714,0.500000,-0.555556,0.100000,0.181818,0.083333,-0.153846,0.142857,-0.066667,0.750000,0.529412,0.555556,-0.210526,-1.250000,-0.047619,0.136364,0.130435,-0.166667,-0.120000,-0.423077,-0.259259,0.035714,0.034483,-0.133333,-0.612903,-0.468750,0.151515,-0.558824,0.600000,0.472222,-0.459459,-0.184211,0.333333,0.150000,-0.170732,-0.761905,-0.023256,0.272727,0.177778,-0.913043,0.106383,-0.083333,-0.510204,-0.020000,-0.333333,0.038462,-0.018868,0.648148,0.290909,0.071429,-0.087719,0.120690,0.033898,-0.483333,-0.278689,0.225806,0.126984,0.078125,-0.200000,0.575758,0.388060,-0.161765,0.275362,0.142857,0.056338,-0.194444,-0.082192,-0.148649,0.093333,0.513158,-0.116883,0.102564,0.063291,0.012500,0.086420,0.000000,-0.096386,-0.333333,0.176471,-0.174419,0.298851,-0.045455,0.224719,0.066667,0.054945,0.304348,0.215054,-0.372340,0.115789,-0.239583,-0.402062,0.010204,-0.141414,-0.210000,
0.000000,-0.500000,0.000000,-0.500000,-2.000000,-0.166667,0.571429,1.000000,0.111111,0.300000,-0.636364,-0.583333,-0.153846,-0.428571,-0.066667,-0.437500,-0.529412,-0.611111,-0.789474,0.050000,0.809524,-0.636364,-0.434783,0.166667,-0.120000,0.192308,0.333333,-0.285714,0.034483,-0.400000,0.161290,-0.062500,0.151515,-0.441176,-0.200000,-0.500000,-0.270270,-0.473684,-0.384615,0.025000,0.121951,-0.309524,-0.418605,-0.159091,0.400000,-0.456522,0.000000,0.062500,0.040816,-0.020000,-0.019608,-0.211538,0.509434,-0.074074,-0.418182,-0.410714,-1.070175,-0.379310,0.559322,-0.300000,0.147541,-0.258065,0.063492,-0.390625,-0.046154,-0.045455,-0.044776,0.176471,-0.289855,-0.071429,-0.464789,-0.222222,-0.410959,0.094595,0.040000,-0.171053,-0.077922,-0.269231,-0.227848,-0.537500,0.086420,-0.500000,-0.349398,0.380952,-0.070588,0.069767,-0.149425,-0.193182,0.191011,0.000000,0.208791,0.152174,0.182796,0.000000,0.189474,0.218750,-0.206186,0.000000,0.232323,0.120000,
0.000000,-0.500000,-1.000000,0.000000,-0.400000,-1.500000,0.571429,-0.625000,-1.555556,0.100000,-0.181818,-0.250000,0.769231,1.071429,0.200000,0.312500,-0.411765,0.500000,-0.052632,-0.400000,0.047619,0.318182,-0.043478,0.291667,-0.200000,0.346154,0.222222,-0.250000,0.310345,0.166667,-0.064516,0.562500,-0.787879,0.117647,0.885714,0.277778,0.243243,-0.078947,0.102564,-0.050000,0.195122,-1.095238,0.418605,0.386364,0.200000,-0.086957,0.446809,-0.270833,0.142857,0.240000,0.000000,-0.115385,0.169811,-0.037037,-0.200000,0.464286,-0.070175,-0.155172,0.101695,-0.116667,-0.081967,-0.129032,-0.222222,0.109375,-0.338462,0.121212,0.388060,-0.029412,0.217391,0.357143,-0.309859,0.097222,0.123288,0.418919,-0.053333,-0.092105,-0.090909,0.282051,-0.075949,-0.300000,0.135802,0.060976,-0.120482,0.178571,-0.188235,-0.139535,-0.114943,-0.136364,0.438202,-0.355556,-0.164835,0.293478,-0.548387,-0.117021,-0.010526,-0.041667,-0.432990,0.234694,-0.161616,0.070000,
0.000000,-0.500000,0.000000,0.500000,0.200000,1.166667,0.571429,-0.125000,-0.111111,-0.100000,0.272727,-0.583333,0.153846,-0.142857,0.200000,0.187500,0.294118,-0.277778,0.000000,-0.350000,0.047619,-0.272727,-1.086957,0.416667,0.600000,0.000000,-0.296296,-0.857143,-0.344828,0.400000,0.838710,-0.250000,0.333333,-0.058824,0.342857,0.166667,-0.216216,0.000000,-0.153846,-0.025000,0.121951,0.166667,-0.279070,-0.363636,-0.488889,-0.152174,-0.063830,-0.041667,-0.306122,-0.080000,0.215686,-0.250000,-0.415094,-0.203704,-0.127273,-0.250000,-0.350877,0.517241,0.305085,0.600000,0.098361,0.322581,-0.031746,0.156250,-0.046154,-0.045455,-0.164179,-0.161765,0.550725,-0.300000,0.056338,-0.569444,0.178082,-0.662162,0.320000,0.026316,0.454545,0.256410,0.215190,-0.275000,-0.259259,-0.048780,-0.397590,-0.214286,0.094118,-0.360465,-0.149425,-0.056818,0.550562,0.000000,0.186813,-0.141304,0.053763,-0.234043,-0.157895,0.104167,-0.175258,0.122449,0.080808,-0.040000,
0.000000,-0.500000,-0.333333,0.500000,-0.200000,0.500000,-0.571429,0.000000,-0.222222,-0.600000,-0.818182,0.250000,-0.384615,0.000000,0.200000,-0.250000,0.000000,-0.388889,-0.315789,0.000000,-1.095238,0.000000,0.826087,-0.208333,0.960000,-0.192308,-0.666667,-0.321429,0.172414,0.566667,-0.032258,0.125000,-0.272727,0.205882,0.314286,-0.138889,0.027027,0.000000,-0.589744,0.400000,-0.195122,-0.857143,0.255814,0.318182,-0.088889,-0.108696,-0.127660,0.104167,-0.102041,-0.140000,0.078431,-0.076923,0.471698,-0.074074,0.327273,-0.214286,-0.052632,0.396552,-0.423729,-0.166667,-0.311475,0.290323,0.412698,0.265625,-0.538462,-0.121212,0.164179,0.264706,-0.275362,-0.128571,-0.056338,0.263889,-0.219178,0.202703,-0.186667,-0.131579,0.181818,-0.141026,-0.291139,0.087500,-0.135802,0.060976,0.265060,-0.190476,-0.211765,-0.174419,-0.137931,-0.147727,0.325843,0.044444,0.208791,0.467391,-0.301075,-0.074468,-0.400000,-0.135417,-0.443299,0.051020,0.060606,0.440000,
0.000000,-0.500000,-1.000000,1.000000,0.400000,-1.500000,0.000000,0.750000,-0.222222,0.200000,-0.181818,-0.666667,0.615385,0.285714,-0.466667,0.187500,-0.235294,0.055556,0.368421,-0.300000,0.000000,-0.227273,0.217391,-0.583333,0.480000,-0.500000,0.037037,-0.357143,0.034483,-0.700000,0.193548,-0.062500,-0.606061,-0.088235,0.057143,0.000000,-0.432432,-0.315789,-0.307692,0.050000,0.268293,0.119048,0.093023,-0.022727,0.088889,0.239130,0.319149,0.104167,-0.204082,-0.560000,0.588235,0.173077,0.245283,-0.351852,-0.581818,0.232143,0.385965,0.172414,0.118644,-0.433333,-0.147541,0.306452,-0.269841,0.375000,-0.153846,-0.136364,-0.104478,0.308824,-0.014493,0.300000,0.112676,0.222222,-0.013699,0.148649,0.053333,0.197368,-0.025974,0.179487,0.329114,0.512500,-0.074074,0.024390,-0.168675,-0.047619,-0.352941,-0.348837,-0.011494,-0.204545,0.179775,-0.222222,0.065934,-0.478261,0.064516,-0.031915,0.273684,-0.229167,0.030928,-0.071429,0.000000,-0.230000,
0.000000,-0.500000,0.000000,0.000000,-0.400000,-0.833333,-0.285714,0.125000,-0.111111,-0.400000,-0.454545,-0.500000,-0.153846,-0.071429,0.666667,0.187500,-0.294118,-0.055556,0.473684,-0.300000,-0.333333,0.363636,0.086957,-0.583333,-0.480000,-0.192308,-0.592593,-0.035714,0.655172,0.000000,0.322581,0.031250,0.030303,-0.500000,0.171429,0.666667,0.297297,-0.473684,-0.230769,-0.350000,-0.048780,0.261905,0.162791,0.227273,0.222222,-0.391304,-0.042553,-0.250000,0.285714,-0.080000,-0.529412,0.269231,0.283019,-0.037037,-0.309091,0.214286,0.070175,0.206897,0.406780,0.033333,0.049180,-0.145161,-0.460317,0.234375,-1.061538,0.181818,0.014925,0.308824,0.304348,-0.114286,-0.295775,0.125000,0.164384,0.351351,-0.413333,0.118421,0.701299,0.128205,0.151899,-0.275000,0.296296,0.170732,0.060241,-0.166667,0.152941,-0.093023,0.091954,-0.284091,0.449438,-0.166667,-0.010989,-0.728261,0.247312,0.382979,0.010526,0.156250,0.350515,-0.020408,0.303030,-0.300000,
0.000000,-0.500000,1.000000,-1.500000,-2.000000,0.500000,0.000000,-1.000000,-0.111111,0.300000,-0.181818,0.083333,-0.846154,0.000000,0.133333,0.125000,-0.352941,-0.388889,-0.052632,1.250000,-0.047619,0.545455,0.000000,-0.500000,-0.760000,0.076923,0.148148,0.714286,0.241379,-0.100000,0.096774,0.281250,-0.151515,-0.352941,0.600000,0.250000,-0.162162,-0.552632,-0.948718,-0.550000,0.024390,0.261905,0.279070,0.090909,0.400000,-0.108696,0.319149,0.041667,0.367347,-0.340000,0.137255,0.153846,0.132075,0.518519,0.381818,-0.017857,0.157895,0.103448,-0.237288,-0.600000,0.114754,-0.016129,0.206349,0.093750,0.338462,0.136364,0.194030,0.352941,0.362319,0.028571,-0.084507,0.111111,-0.178082,-0.027027,-0.213333,0.013158,0.064935,-0.051282,0.354430,0.262500,0.098765,0.121951,0.132530,0.380952,-0.152941,-0.081395,-0.379310,0.159091,0.022472,-0.033333,-0.208791,0.304348,-0.064516,-0.212766,-0.073684,0.072917,-0.061856,-0.306122,-0.060606,-0.070000,
0.000000,-0.500000,-0.333333,0.000000,-1.000000,-0.500000,-1.285714,-0.500000,-0.333333,0.300000,0.545455,-0.250000,-0.384615,0.571429,-0.066667,-0.062500,-0.411765,1.055556,-0.736842,0.450000,-0.238095,-0.045455,0.956522,0.166667,0.280000,0.500000,0.111111,0.571429,0.103448,-0.133333,-0.225806,0.062500,0.363636,0.794118,-0.400000,0.277778,-0.297297,-0.184211,0.230769,-0.150000,-0.146341,0.500000,-0.046512,-0.409091,0.355556,0.173913,-0.085106,-0.041667,0.387755,-0.840000,-0.098039,-0.192308,-0.320755,0.296296,-0.436364,-0.214286,0.157895,-0.206897,0.542373,-0.350000,0.114754,0.000000,-0.015873,-0.015625,0.261538,0.090909,-0.358209,-0.205882,0.246377,0.200000,0.126761,-0.236111,-0.342466,0.000000,0.173333,0.052632,0.220779,0.038462,-0.227848,-0.275000,-0.271605,0.487805,0.036145,-0.285714,0.023529,0.430233,-0.356322,0.409091,-0.112360,0.377778,0.120879,0.271739,-0.150538,0.127660,0.094737,0.333333,-0.597938,-0.051020,0.040404,-0.520000,
0.000000,0.500000,-1.000000,0.000000,-0.400000,0.666667,-0.857143,0.500000,0.777778,-0.600000,0.363636,-0.916667,0.384615,-0.714286,-0.466667,-0.125000,0.117647,-0.611111,-0.684211,0.850000,0.571429,-0.136364,0.173913,0.125000,-0.320000,0.038462,0.370370,0.714286,-0.034483,0.233333,0.451613,0.156250,-0.424242,-0.500000,-0.142857,0.305556,0.108108,0.078947,0.076923,0.625000,0.170732,-0.166667,0.325581,0.272727,-0.177778,-0.173913,0.574468,0.333333,-0.040816,-0.380000,0.588235,-0.134615,-0.433962,0.388889,-0.072727,0.035714,-0.473684,-0.500000,-0.322034,0.650000,-0.081967,0.500000,0.015873,-0.562500,-0.092308,0.242424,-0.268657,-0.382353,-0.231884,0.385714,0.112676,-0.180556,-0.041096,-0.756757,-0.800000,0.210526,-0.376623,-0.320513,-0.037975,0.200000,0.209877,0.365854,0.626506,0.119048,0.211765,0.476744,-0.160920,-0.511364,-0.382022,-0.144444,-0.120879,-0.173913,-0.118280,-0.148936,0.389474,0.072917,-0.257732,-0.040816,-0.424242,0.190000,
0.000000,-0.500000,-0.333333,0.000000,-2.000000,0.000000,0.000000,-0.125000,-0.111111,0.400000,-0.181818,0.250000,-0.384615,0.285714,0.200000,0.062500,-1.000000,-0.111111,-0.421053,-0.600000,-0.380952,-0.454545,0.173913,0.375000,0.000000,-0.653846,-0.037037,-0.357143,-0.448276,-0.433333,0.322581,0.000000,0.151515,0.323529,-0.685714,0.194444,-0.189189,-0.078947,0.051282,0.375000,-0.121951,-0.047619,0.418605,-0.090909,-0.022222,-0.021739,0.000000,0.354167,-0.448980,-0.020000,-0.372549,0.115385,-0.735849,0.296296,-0.490909,-0.071429,-0.508772,-0.172414,-0.101695,0.383333,0.327869,-0.193548,-0.015873,0.062500,-0.307692,0.257576,-0.447761,-0.941176,0.289855,0.600000,0.140845,-0.416667,0.506849,0.121622,-0.346667,0.328947,-0.025974,0.000000,0.189873,-0.050000,0.111111,0.195122,0.000000,0.000000,0.176471,0.348837,0.126437,0.227273,-0.224719,0.022222,-0.131868,-0.097826,-0.064516,0.053191,-0.094737,-0.208333,0.051546,-0.204082,0.040404,-0.600000,
0.000000,0.500000,0.000000,0.500000,-2.000000,-0.166667,0.571429,-0.250000,0.333333,0.000000,0.272727,-0.916667,-1.846154,0.714286,-0.800000,0.562500,-0.117647,0.166667,0.631579,0.450000,0.428571,-0.318182,0.391304,-0.041667,-0.600000,1.384615,0.259259,0.642857,0.172414,0.266667,0.387097,0.000000,-0.060606,-0.058824,-1.400000,0.083333,0.432432,0.368421,0.051282,0.100000,-0.390244,-0.428571,-0.302326,-0.113636,-0.800000,-0.913043,0.042553,-0.104167,-0.061224,-0.560000,0.078431,0.211538,-0.245283,0.629630,-0.145455,0.321429,-0.105263,0.189655,-0.050847,0.183333,-0.081967,0.322581,-0.095238,0.046875,0.323077,0.318182,0.119403,-0.588235,0.231884,0.114286,0.197183,-0.180556,0.273973,0.121622,0.266667,0.631579,0.090909,-0.333333,-0.050633,0.012500,0.283951,0.121951,0.024096,-0.190476,-0.082353,0.395349,0.172414,0.056818,0.280899,0.133333,0.461538,-0.315217,0.107527,-0.329787,-0.010526,0.000000,-0.268041,-0.214286,-0.262626,-0.090000,
0.000000,-0.500000,0.000000,-0.500000,0.000000,-0.333333,-0.285714,-1.750000,-0.555556,0.700000,-0.636364,0.416667,0.384615,0.142857,-0.133333,0.187500,0.117647,0.500000,0.947368,0.100000,-0.095238,-0.045455,-0.304348,0.125000,-0.160000,0.230769,-0.037037,1.000000,-0.206897,0.266667,-0.354839,-0.937500,0.121212,0.500000,-0.085714,0.000000,-0.324324,-0.605263,0.384615,0.150000,-0.243902,-0.333333,-0.325581,0.250000,0.755556,0.065217,-0.063830,-0.083333,-0.408163,0.260000,-0.215686,0.500000,0.207547,-0.018519,0.581818,0.071429,-0.526316,-0.224138,0.254237,-0.066667,0.180328,-0.080645,0.380952,0.156250,0.646154,-0.136364,-0.089552,0.426471,-0.115942,-0.071429,0.239437,-0.236111,-0.095890,0.216216,0.146667,-0.026316,0.350649,0.012821,0.063291,0.062500,-0.123457,0.134146,-0.277108,0.011905,-0.164706,0.058140,-0.298851,-0.193182,0.067416,0.688889,-0.274725,0.097826,-0.086022,-0.180851,0.200000,-0.541667,0.412371,0.183673,-0.252525,-0.220000,
0.000000,-0.500000,-0.333333,0.000000,0.600000,0.166667,0.285714,-0.500000,0.555556,0.300000,-0.454545,1.333333,1.153846,0.000000,0.400000,0.187500,-0.176471,0.222222,-0.210526,0.100000,-0.666667,-0.045455,-0.391304,-0.416667,-0.240000,0.461538,0.185185,-0.178571,-0.103448,-0.100000,1.032258,0.312500,-0.181818,-0.411765,-0.428571,0.111111,0.081081,-0.368421,0.000000,0.425000,-0.073171,-0.166667,0.162791,-0.090909,-0.377778,-0.195652,-0.382979,-0.104167,-0.183673,0.320000,-0.137255,0.500000,0.169811,0.222222,-0.400000,-0.232143,-0.017544,-0.086207,0.322034,0.000000,-0.016393,-0.129032,0.269841,-0.250000,0.276923,0.060606,0.223881,0.161765,-0.144928,-0.100000,-0.028169,-0.277778,0.547945,0.310811,0.346667,-0.250000,0.155844,0.128205,-0.670886,-0.337500,0.382716,0.134146,-0.072289,-0.095238,-0.047059,-0.325581,-0.183908,-0.420455,-0.179775,-0.111111,0.065934,0.054348,0.215054,-0.010638,-0.157895,-0.010417,0.278351,-0.010204,0.373737,0.090000,
0.000000,-0.500000,0.333333,0.500000,-0.200000,-0.166667,0.285714,0.000000,-0.777778,-0.200000,0.181818,-0.166667,0.076923,0.142857,0.266667,-0.312500,0.470588,0.277778,0.052632,0.150000,0.761905,-0.045455,0.130435,0.166667,-0.520000,0.615385,0.444444,-0.250000,-0.068966,-0.133333,-0.096774,-0.625000,0.000000,-0.470588,0.485714,0.138889,-0.135135,0.105263,-0.205128,-0.475000,-0.317073,0.452381,-0.186047,0.272727,-0.311111,-0.456522,0.382979,0.395833,0.367347,-0.120000,0.313725,0.019231,0.245283,-0.166667,-0.418182,0.071429,-0.157895,-0.293103,-0.949153,-0.166667,0.065574,0.080645,0.222222,-0.515625,0.138462,0.303030,-0.134328,-0.102941,0.014493,0.142857,0.633803,0.194444,-0.123288,-0.216216,0.120000,-0.144737,0.090909,-0.141026,-0.025316,-0.200000,0.000000,-0.024390,-0.530120,-0.154762,0.070588,-0.453488,-0.011494,0.306818,-0.044944,0.344444,0.054945,-0.065217,0.376344,0.340426,0.000000,-0.125000,-0.020619,0.295918,0.131313,-0.040000,
0.000000,-0.500000,1.000000,-0.500000,0.400000,0.000000,-0.285714,-1.500000,0.222222,-0.500000,0.181818,-0.083333,-0.307692,0.071429,0.933333,0.375000,0.294118,-0.111111,-0.631579,-0.250000,-0.190476,0.409091,0.695652,0.125000,0.200000,0.307692,0.185185,-0.250000,0.413793,0.300000,-0.096774,0.343750,-0.303030,-0.147059,0.085714,0.444444,-0.567568,-0.105263,0.153846,-0.175000,0.024390,0.023810,0.023256,-0.500000,0.111111,-0.608696,0.106383,0.354167,0.326531,-0.160000,0.333333,0.173077,0.113208,-0.111111,0.090909,-0.053571,-0.140351,0.017241,-0.033898,0.100000,-0.229508,-0.032258,0.523810,-0.281250,-0.030769,-0.303030,0.164179,-0.205882,0.405797,-0.371429,-0.169014,-0.208333,-0.438356,0.121622,-0.213333,0.000000,-0.480519,-0.076923,0.481013,-0.137500,-0.012346,0.451220,-0.168675,0.357143,-0.117647,-0.104651,0.218391,-0.181818,0.022472,-0.088889,-0.065934,0.076087,-0.268817,-0.244681,-0.221053,0.135417,-0.082474,-0.316327,-0.050505,0.200000,
0.000000,0.500000,-1.000000,-0.500000,-0.600000,0.166667,0.571429,-0.125000,-0.333333,-0.400000,-0.363636,0.083333,-0.307692,-0.714286,0.066667,-0.187500,1.294118,0.388889,0.368421,0.000000,-0.476190,0.090909,-0.304348,0.208333,0.400000,0.423077,0.259259,0.107143,0.137931,0.166667,0.096774,0.093750,-0.818182,0.764706,-0.028571,0.777778,-0.135135,0.447368,-0.179487,0.075000,-0.073171,-0.190476,0.534884,-0.363636,0.111111,-0.065217,-0.021277,0.812500,-0.387755,-0.660000,-0.058824,-0.096154,-0.188679,-0.203704,0.000000,0.428571,0.280702,-0.189655,0.101695,-0.183333,0.065574,-0.161290,0.380952,-0.296875,0.138462,-0.015152,0.477612,0.029412,-0.347826,0.357143,0.450704,-0.263889,-0.383562,0.418919,-0.240000,-0.276316,-0.402597,0.115385,-0.189873,-0.237500,0.111111,0.146341,-0.096386,-0.238095,0.152941,0.046512,0.149425,-0.125000,0.033708,-0.188889,-0.120879,-0.054348,-0.204301,-0.287234,-0.073684,0.187500,0.123711,-0.387755,0.424242,-0.390000,
0.000000,0.500000,-1.000000,-0.500000,-0.200000,0.666667,-0.714286,0.750000,0.111111,-0.200000,0.545455,0.416667,-0.538462,0.000000,0.066667,-0.062500,-0.294118,-0.055556,-0.263158,0.050000,-0.190476,0.090909,0.478261,0.000000,0.040000,0.076923,-0.148148,-0.285714,0.103448,0.166667,-0.096774,0.625000,0.818182,-0.411765,-0.028571,-0.472222,-0.054054,-0.052632,0.179487,0.150000,-0.121951,-0.190476,-0.232558,-0.568182,0.311111,0.456522,-0.425532,-0.187500,-0.306122,-0.140000,-0.294118,0.173077,0.226415,0.222222,-0.254545,0.446429,0.245614,-0.241379,0.118644,0.200000,-0.393443,-0.112903,0.269841,-0.921875,0.261538,0.181818,0.223881,-0.250000,0.014493,-0.185714,0.070423,-0.194444,-0.438356,-0.081081,1.000000,0.342105,0.324675,0.012821,0.215190,-0.400000,0.123457,-0.097561,0.192771,-0.119048,-0.270588,0.267442,0.126437,0.272727,0.033708,-0.166667,0.549451,0.010870,-0.150538,0.234043,-0.084211,-0.177083,-0.195876,-0.346939,0.252525,-0.390000,
0.000000,-0.500000,0.000000,0.000000,-0.400000,0.500000,-0.571429,0.250000,0.777778,-0.800000,0.272727,0.000000,0.153846,-0.714286,-0.133333,-0.437500,0.235294,1.055556,0.368421,0.250000,-0.238095,0.090909,0.217391,-0.041667,-0.200000,0.346154,0.333333,-1.071429,-0.103448,0.266667,-0.516129,0.218750,0.333333,-0.058824,0.314286,-0.166667,0.054054,-0.078947,0.205128,-0.050000,0.000000,-0.071429,0.279070,-0.090909,0.288889,0.130435,-0.042553,-0.333333,-0.285714,0.080000,0.274510,-0.326923,-0.867925,-0.185185,0.036364,-0.410714,0.105263,-1.500000,-0.169492,0.083333,-0.196721,-0.145161,0.206349,-0.171875,0.000000,0.318182,-0.358209,-0.397059,0.188406,0.442857,-0.126761,0.388889,-0.082192,-0.013514,0.213333,-0.276316,0.181818,-0.320513,-0.278481,0.262500,-0.543210,-0.048780,0.445783,0.476190,-0.823529,-0.209302,0.310345,-0.113636,0.056180,0.444444,0.318681,-0.141304,0.021505,0.063830,0.273684,0.218750,-0.185567,-0.132653,0.292929,0.140000,
0.000000,-0.500000,0.000000,0.500000,0.600000,0.166667,0.714286,-0.375000,0.111111,-0.200000,-0.181818,-0.250000,-0.076923,-0.214286,0.000000,-0.937500,0.000000,-0.388889,-0.684211,0.350000,0.000000,-0.409091,0.434783,0.125000,-0.120000,-0.192308,0.407407,-0.250000,0.379310,0.433333,0.096774,0.125000,-0.242424,0.323529,-0.485714,0.000000,0.216216,0.657895,0.179487,0.175000,0.000000,-0.166667,-0.093023,-0.386364,-0.111111,0.195652,-0.574468,0.208333,0.693878,-0.740000,-0.156863,-0.230769,0.528302,-0.407407,-0.309091,-0.089286,-0.087719,-0.327586,-0.135593,-0.116667,0.377049,0.112903,0.571429,0.156250,0.723077,0.106061,0.044776,-0.073529,-0.347826,-0.200000,0.225352,-0.388889,-0.246575,-0.378378,0.000000,-0.342105,-0.233766,-0.153846,0.050633,-0.362500,0.185185,-0.060976,0.144578,0.071429,0.341176,-0.058140,0.206897,0.113636,-0.067416,-0.144444,0.076923,0.260870,-0.096774,-0.180851,0.210526,0.583333,-0.185567,-0.010204,-0.171717,-0.400000,
0.000000,0.500000,-0.333333,-0.500000,1.000000,-0.833333,0.000000,0.000000,-0.222222,0.400000,0.000000,0.500000,-0.076923,-0.142857,-0.533333,0.125000,0.176471,-0.333333,0.578947,0.350000,0.714286,-0.090909,0.000000,0.041667,0.720000,0.307692,0.148148,0.607143,0.241379,0.133333,0.290323,0.093750,-0.939394,0.147059,-0.200000,0.194444,0.810811,0.105263,0.076923,0.150000,-0.146341,0.119048,0.046512,0.136364,0.488889,-0.108696,-0.106383,-0.312500,-0.040816,-0.100000,-0.117647,0.423077,-0.566038,0.222222,0.200000,0.392857,0.368421,0.310345,0.118644,0.250000,-0.032787,0.032258,0.428571,0.250000,0.307692,-0.075758,-0.343284,-0.044118,-0.028986,-0.057143,0.295775,-0.333333,-0.123288,0.216216,-0.040000,0.302632,0.142857,0.179487,0.101266,0.350000,0.246914,-0.012195,0.554217,0.345238,-0.211765,0.255814,0.114943,-0.079545,0.494382,0.088889,0.109890,0.021739,-0.010753,-0.117021,-0.052632,-0.177083,-0.164948,0.091837,0.050505,0.990000,
0.000000,-0.500000,-0.333333,0.000000,0.200000,-0.166667,-0.857143,0.250000,0.222222,-0.300000,0.181818,0.083333,-0.384615,-0.214286,-0.466667,0.062500,0.058824,-0.388889,-0.210526,0.050000,0.142857,-0.272727,0.260870,0.250000,0.440000,0.230769,-0.592593,0.000000,0.000000,-0.300000,0.709677,0.281250,-0.696970,-0.235294,0.314286,0.111111,-0.324324,-0.263158,0.615385,0.325000,-0.121951,-0.523810,-0.302326,0.136364,0.111111,0.282609,0.234043,0.520833,0.612245,0.220000,0.568627,0.326923,0.207547,-0.314815,0.236364,0.053571,-0.368421,0.172414,0.186441,0.233333,0.360656,0.225806,-0.174603,-0.281250,-0.046154,0.151515,0.044776,0.073529,-0.130435,0.100000,0.042254,0.500000,0.068493,0.189189,-0.333333,0.131579,-0.181818,-0.012821,-0.164557,-0.025000,-0.259259,0.304878,-0.096386,0.178571,0.117647,-0.395349,-0.264368,0.000000,-0.112360,0.000000,0.010989,-0.010870,0.010753,0.148936,-0.178947,0.250000,0.000000,-0.163265,0.434343,0.320000,
0.000000,0.500000,0.333333,0.500000,-0.400000,-0.166667,1.000000,-0.250000,0.333333,-0.300000,-0.454545,-0.583333,-0.230769,-0.071429,-0.866667,0.125000,-0.529412,0.388889,-0.315789,0.350000,-0.857143,0.363636,0.304348,-0.041667,-0.400000,0.230769,0.333333,0.250000,0.034483,0.100000,0.193548,0.125000,0.242424,0.264706,-0.028571,-0.166667,-0.594595,0.263158,0.230769,-0.775000,-0.073171,0.452381,-0.232558,-0.318182,-0.200000,0.434783,-0.425532,0.000000,0.142857,-0.460000,-0.215686,-0.192308,0.528302,-0.166667,-0.327273,0.035714,0.228070,-0.017241,0.338983,0.066667,-0.360656,-0.370968,0.412698,-0.546875,0.046154,-0.015152,-0.417910,-0.073529,-0.159420,-0.385714,-0.704225,-0.194444,-0.191781,0.027027,-0.240000,0.039474,0.051948,-0.179487,-0.316456,0.262500,-0.061728,0.097561,-0.192771,0.238095,0.341176,0.337209,0.126437,-0.113636,-0.146067,0.044444,-0.351648,0.163043,0.075269,-0.138298,0.021053,0.375000,-0.082474,-0.122449,0.111111,0.170000,
0.000000,-0.500000,0.000000,0.000000,-0.200000,-0.166667,0.285714,0.375000,0.333333,-0.100000,0.181818,0.000000,-0.230769,0.000000,0.200000,0.437500,-0.058824,0.055556,-0.263158,0.350000,0.190476,-0.227273,0.565217,-0.333333,-0.520000,-0.269231,-0.296296,-0.357143,-0.034483,-0.600000,0.129032,0.250000,-0.181818,0.029412,-0.028571,0.111111,0.216216,0.184211,-0.384615,0.000000,0.024390,0.452381,0.069767,-0.159091,0.511111,-0.021739,-0.148936,-0.187500,-0.061224,-0.180000,0.392157,-0.134615,-0.301887,-0.388889,0.509091,0.571429,-0.245614,0.206897,-0.576271,-0.083333,-0.442623,0.064516,0.269841,-0.390625,0.169231,-0.166667,-0.164179,0.132353,-0.318841,-0.657143,0.253521,0.361111,-0.178082,0.337838,-0.426667,0.039474,0.285714,0.076923,-0.063291,0.337500,0.308642,-0.036585,-0.072289,-0.059524,0.105882,-0.058140,0.034483,0.261364,0.011236,-0.322222,-0.175824,0.141304,0.182796,0.106383,-0.231579,-0.062500,-0.061856,0.061224,0.484848,-0.190000,
0.000000,0.500000,0.000000,-0.500000,0.400000,0.500000,-0.571429,0.625000,0.111111,0.100000,1.090909,-0.166667,0.153846,-0.142857,-0.200000,0.062500,0.882353,-0.222222,-0.052632,0.050000,0.476190,-0.136364,0.739130,-0.541667,-0.520000,0.307692,0.777778,-0.321429,0.172414,-0.333333,0.354839,0.375000,-0.242424,-0.235294,0.142857,0.611111,-0.270270,0.210526,0.102564,0.000000,0.512195,0.023810,0.162791,0.113636,-0.466667,0.804348,0.042553,0.000000,0.020408,-0.580000,0.058824,-0.615385,0.075472,-0.092593,-0.181818,-0.750000,-0.035088,0.137931,0.084746,0.266667,0.032787,0.096774,0.349206,0.234375,0.046154,-0.363636,-0.164179,0.397059,-0.550725,-0.185714,-0.056338,0.013889,-0.424658,0.513514,-0.040000,-0.026316,0.077922,-0.051282,-0.126582,-0.075000,-0.271605,-0.463415,0.277108,0.464286,-0.094118,0.127907,-0.103448,0.977273,-0.067416,0.311111,0.384615,-0.239130,0.053763,-0.148936,0.000000,-0.010417,0.164948,0.530612,0.181818,0.190000,
0.000000,-0.500000,0.000000,0.000000,0.200000,1.166667,-0.571429,0.750000,0.333333,0.100000,0.545455,-0.250000,0.230769,0.428571,0.000000,0.000000,0.235294,-0.111111,0.526316,-0.050000,-0.285714,-0.136364,-0.217391,0.500000,-0.400000,-0.384615,0.555556,0.428571,-0.413793,-0.333333,-0.193548,0.125000,0.151515,-0.411765,0.342857,-0.166667,-0.432432,-0.500000,0.461538,-0.350000,-0.536585,-0.285714,0.162791,0.363636,-0.155556,0.021739,-0.106383,0.020833,-0.183673,0.460000,0.333333,0.442308,-0.245283,0.222222,-0.400000,0.267857,0.052632,-0.017241,-0.406780,0.350000,0.163934,0.177419,-0.492063,-0.109375,0.153846,0.878788,0.283582,-0.397059,-0.057971,0.457143,-0.028169,0.111111,0.328767,-0.445946,0.186667,-0.105263,-0.194805,0.500000,-0.253165,-0.150000,0.111111,0.500000,-0.421687,0.071429,0.329412,0.139535,-0.252874,0.238636,-0.101124,-0.177778,0.263736,-0.086957,-0.075269,0.042553,-0.084211,-0.229167,-0.185567,-0.183673,0.101010,0.270000,
0.000000,0.500000,0.000000,0.000000,-0.600000,-0.166667,0.285714,-0.125000,1.222222,-0.200000,0.090909,0.583333,0.692308,0.428571,-0.200000,1.000000,0.470588,-0.388889,-0.157895,-0.150000,-0.142857,0.136364,-0.086957,-0.041667,0.720000,0.000000,-0.740741,0.000000,-0.655172,0.966667,-0.032258,-0.562500,-0.393939,-0.088235,0.257143,0.444444,-0.702703,0.368421,-0.589744,0.050000,0.073171,-0.023810,-0.162791,0.136364,-0.266667,-0.347826,-0.063830,0.000000,0.346939,0.200000,-0.411765,-0.211538,-0.301887,0.000000,0.581818,-0.160714,-0.105263,-0.137931,0.525424,-0.283333,0.163934,0.532258,-0.111111,-0.312500,0.123077,-0.106061,0.283582,0.676471,0.101449,-0.142857,0.028169,-0.027778,0.589041,-0.324324,0.333333,0.171053,-0.233766,-0.166667,0.329114,0.237500,0.160494,0.109756,-0.084337,0.000000,-0.447059,0.034884,-0.160920,-0.215909,0.134831,0.611111,-0.120879,0.239130,-0.118280,0.138298,-0.210526,-0.093750,0.164948,0.183673,0.424242,-0.120000,
0.000000,0.500000,0.000000,-1.000000,0.200000,0.166667,0.571429,0.375000,-0.333333,-0.400000,-0.090909,-0.250000,0.153846,0.000000,-1.600000,-0.187500,-0.235294,-0.222222,0.263158,-0.200000,0.285714,0.409091,-0.304348,0.000000,-1.080000,0.153846,0.296296,0.214286,-0.241379,0.233333,-0.806452,0.187500,0.575758,-0.588235,-0.142857,0.027778,0.513514,-0.105263,0.410256,0.250000,0.195122,-0.214286,0.395349,0.477273,-0.511111,-0.413043,-0.297872,0.500000,0.224490,0.220000,0.039216,0.115385,-0.283019,-0.500000,0.490909,0.000000,0.000000,0.465517,-0.254237,-0.283333,-0.049180,-0.403226,-0.111111,0.156250,-0.015385,0.560606,0.791045,0.102941,-0.057971,0.214286,-0.098592,0.222222,-0.041096,-0.162162,0.266667,0.342105,0.519481,0.012821,-0.164557,-0.312500,-0.580247,0.146341,0.397590,0.357143,-0.058824,0.023256,0.367816,0.045455,-0.449438,0.144444,0.384615,0.217391,0.387097,0.329787,0.294737,0.020833,-0.103093,-0.295918,0.171717,0.030000,
0.000000,-0.500000,0.333333,0.000000,0.000000,0.166667,0.285714,-0.750000,-0.333333,-0.700000,-0.090909,0.250000,0.384615,0.500000,-0.133333,0.125000,-0.235294,-0.777778,-0.631579,-0.700000,-0.095238,0.090909,-0.608696,0.166667,0.240000,-0.923077,0.259259,-0.107143,-1.034483,0.333333,-0.612903,-0.031250,0.272727,0.088235,-0.228571,-0.333333,0.027027,-0.526316,-0.769231,-0.775000,0.341463,0.166667,0.325581,-0.409091,0.222222,0.065217,-0.382979,-0.062500,-0.285714,0.180000,0.000000,-0.076923,0.018868,0.129630,0.290909,-0.125000,-0.052632,0.155172,-0.474576,0.233333,0.196721,0.629032,0.301587,0.281250,0.307692,0.181818,0.253731,-0.073529,0.173913,-0.057143,0.169014,-0.125000,-0.328767,0.148649,0.106667,-0.092105,-0.194805,0.000000,-0.113924,0.337500,0.061728,-0.207317,-0.337349,-0.166667,-0.494118,0.023256,-0.632184,0.215909,-0.112360,-0.311111,-0.043956,-0.260870,0.096774,0.234043,-0.368421,0.052083,0.422680,-0.030612,0.070707,0.210000,
0.000000,0.500000,1.000000,-0.500000,-0.800000,-0.333333,-0.428571,0.250000,-0.111111,0.600000,0.454545,-0.750000,-0.076923,-1.142857,-0.200000,0.625000,-0.588235,0.777778,-0.578947,0.500000,0.047619,-1.090909,-0.304348,0.041667,-0.400000,-0.384615,-0.333333,-0.071429,0.379310,0.233333,-0.451613,0.531250,0.181818,0.470588,0.085714,-0.250000,0.189189,-0.052632,0.256410,0.325000,-0.097561,0.285714,-0.372093,0.431818,-0.155556,0.304348,-0.212766,-0.333333,-0.081633,-0.300000,-0.019608,0.250000,0.358491,0.018519,0.000000,-0.410714,-0.192982,0.241379,-0.033898,0.733333,-0.213115,-0.290323,0.317460,0.156250,-0.184615,0.060606,0.134328,0.029412,-0.188406,-0.157143,0.436620,-0.291667,-0.547945,-0.189189,-0.573333,-0.078947,-0.246753,-0.102564,0.189873,-0.125000,-0.308642,0.207317,-0.048193,-0.119048,0.482353,0.383721,0.183908,0.181818,-0.168539,0.344444,-0.417582,0.010870,-0.258065,-0.031915,0.357895,-0.270833,-0.103093,-0.081633,-0.030303,0.100000,
0.000000,-0.500000,0.000000,0.500000,-0.600000,-1.166667,0.428571,0.250000,0.222222,-0.100000,0.090909,0.000000,0.384615,-0.071429,0.066667,0.375000,0.352941,0.000000,0.421053,0.750000,0.619048,0.363636,-0.391304,-0.291667,0.240000,0.615385,-0.259259,0.071429,0.172414,-0.733333,-0.774194,-0.187500,-0.666667,0.441176,-0.342857,-0.194444,0.594595,-0.157895,0.769231,0.225000,0.024390,0.285714,-0.441860,-0.113636,-0.111111,0.152174,-0.617021,0.083333,0.163265,-0.060000,-0.117647,-0.038462,0.075472,-0.555556,-0.036364,-0.160714,0.385965,-0.362069,0.101695,-0.133333,-0.409836,-0.403226,0.269841,-0.265625,0.276923,-0.333333,-0.388060,-0.529412,-0.318841,-0.057143,0.211268,-0.402778,0.356164,0.621622,0.146667,0.105263,0.597403,-0.141026,0.518987,0.375000,0.061728,0.097561,-0.168675,-0.226190,0.035294,0.034884,0.137931,-0.340909,-0.404494,0.255556,-0.021978,-0.130435,-0.129032,-0.500000,0.589474,0.187500,-0.030928,-0.581633,-0.232323,0.250000,
0.000000,-0.500000,0.000000,0.000000,-1.000000,-0.500000,0.857143,0.250000,0.222222,0.000000,0.545455,-0.583333,0.076923,-0.500000,-0.333333,0.062500,-0.117647,-0.277778,-0.526316,0.150000,-0.571429,-0.318182,0.000000,0.375000,-0.080000,-0.423077,-0.592593,0.178571,0.965517,-0.466667,0.225806,0.468750,-0.242424,-0.470588,0.342857,0.083333,-0.378378,-0.026316,-0.358974,0.025000,-0.487805,0.476190,-0.534884,-0.363636,-0.155556,0.130435,-0.361702,0.041667,0.408163,0.300000,-0.078431,-0.192308,0.169811,-0.148148,0.218182,0.071429,0.105263,0.017241,0.084746,-0.066667,0.081967,-0.064516,0.111111,0.156250,-0.230769,-0.515152,-0.223881,0.514706,-0.086957,0.185714,-0.112676,-0.375000,0.178082,-0.027027,0.146667,0.065789,0.090909,-0.358974,-0.025316,-0.462500,-0.419753,-0.182927,0.096386,-0.035714,-0.141176,0.383721,0.022989,-0.306818,0.056180,-0.066667,-0.186813,-0.260870,0.139785,-0.191489,0.336842,-0.260417,0.030928,0.214286,-0.282828,0.220000,
0.000000,-0.500000,1.000000,0.500000,-0.600000,-0.166667,0.571429,1.375000,0.111111,0.600000,0.363636,-0.583333,0.538462,0.000000,-0.333333,0.187500,0.176471,0.833333,0.052632,0.400000,-0.142857,-0.272727,-0.043478,0.208333,-0.280000,0.576923,-0.592593,-0.250000,-0.137931,0.000000,-0.258065,-0.437500,-0.333333,0.294118,-1.057143,-0.083333,-0.459459,0.131579,-0.025641,0.275000,0.073171,-0.261905,-0.023256,-0.477273,-0.022222,-0.543478,0.276596,-0.208333,0.040816,-0.300000,0.392157,0.076923,0.037736,-0.092593,0.036364,0.428571,-0.105263,-0.224138,0.542373,0.050000,-0.196721,0.387097,0.047619,-0.203125,-0.184615,-0.454545,0.477612,-0.102941,0.057971,0.242857,-0.154930,0.291667,-0.054795,-0.162162,0.053333,-0.184211,-0.194805,-0.038462,-0.088608,0.025000,-0.172840,0.000000,0.060241,0.476190,0.188235,0.034884,-0.275862,-0.181818,-0.157303,-1.011111,-0.043956,0.260870,0.032258,-0.276596,0.136842,-0.020833,0.020619,0.061224,-0.101010,-0.430000,
0.000000,0.500000,0.000000,-0.500000,0.200000,0.333333,-1.000000,0.125000,-0.333333,-0.300000,0.363636,0.666667,0.692308,0.642857,0.066667,-0.312500,0.058824,-0.222222,0.368421,-0.650000,0.571429,-0.272727,-0.434783,-0.250000,0.040000,1.307692,0.444444,0.642857,0.034483,-0.300000,-0.709677,0.875000,0.424242,0.088235,-0.028571,-0.333333,-0.027027,-0.763158,0.051282,0.025000,0.000000,0.333333,0.325581,-0.409091,-0.133333,-0.391304,0.212766,0.270833,-0.061224,0.180000,-0.254902,-0.288462,-0.415094,0.240741,0.309091,-0.017857,0.052632,-0.448276,-0.237288,-0.016667,-0.327869,0.145161,-0.301587,0.328125,0.246154,0.196970,-0.417910,0.308824,-0.101449,-0.157143,0.394366,0.291667,0.630137,-0.040541,-0.160000,0.092105,0.337662,-0.038462,0.341772,-0.312500,0.061728,-0.073171,-0.048193,0.119048,-0.364706,0.151163,0.114943,0.034091,0.337079,-0.211111,-0.076923,0.097826,0.139785,0.053191,-0.347368,0.125000,-0.206186,-0.326531,-0.404040,-0.240000,
0.000000,0.500000,1.000000,0.500000,0.200000,0.166667,0.000000,0.375000,-0.111111,0.500000,0.090909,0.083333,0.076923,0.000000,-0.866667,0.562500,-1.176471,-0.611111,0.263158,0.550000,0.619048,0.181818,0.869565,-0.333333,0.040000,0.653846,0.444444,0.392857,0.068966,0.033333,-0.258065,-1.093750,0.121212,-0.441176,0.657143,0.777778,-0.297297,-0.157895,-0.282051,-0.075000,0.170732,-0.500000,0.348837,-0.113636,0.088889,-0.021739,0.510638,-0.104167,0.020408,-0.240000,-0.058824,0.038462,0.452830,-0.018519,0.072727,0.142857,0.508772,0.293103,0.000000,-0.266667,0.032787,0.080645,-0.253968,0.109375,0.030769,-0.257576,-0.432836,0.500000,0.086957,-0.214286,0.098592,0.138889,0.027397,-0.270270,0.093333,-0.105263,0.129870,-0.205128,0.063291,-0.087500,0.296296,-0.304878,-0.036145,-0.309524,0.352941,0.151163,0.229885,-0.352273,0.033708,0.166667,-0.021978,0.173913,0.258065,0.021277,0.105263,0.520833,-0.453608,-0.153061,0.060606,0.040000,
0.000000,-0.500000,0.333333,-1.000000,-0.400000,0.166667,0.285714,0.375000,0.333333,-0.600000,-2.545455,-0.416667,0.384615,-0.142857,-0.933333,0.250000,0.235294,-1.000000,0.263158,0.350000,0.095238,0.500000,-0.478261,-0.791667,-0.320000,-0.346154,0.111111,0.821429,0.068966,0.266667,-0.096774,0.437500,-0.545455,-0.147059,0.028571,-0.222222,-0.081081,-0.500000,-0.435897,0.025000,0.829268,0.071429,-0.046512,0.386364,0.333333,0.326087,-0.191489,0.020833,0.346939,-0.060000,-0.647059,0.153846,0.377358,-0.037037,-0.727273,0.303571,-0.070175,-0.517241,0.016949,0.033333,0.016393,-0.096774,0.253968,-0.125000,0.707692,-0.818182,0.134328,-0.073529,0.260870,0.128571,-0.014085,0.513889,0.000000,0.472973,-0.226667,-0.197368,0.181818,0.435897,-0.240506,0.062500,-0.493827,0.024390,-0.421687,0.011905,-0.564706,0.255814,-0.160920,-0.136364,0.011236,-0.133333,-0.021978,0.021739,-0.247312,-0.042553,-0.010526,0.031250,-0.072165,-0.204082,0.292929,0.010000,
0.000000,0.500000,0.333333,0.500000,1.200000,-0.166667,-0.285714,-0.125000,-0.222222,-0.400000,-0.545455,0.083333,0.846154,-0.071429,0.133333,-0.875000,0.529412,0.277778,0.210526,0.050000,-0.047619,-0.409091,0.130435,-0.333333,-0.520000,-0.653846,0.148148,-0.535714,-0.034483,-1.133333,-0.064516,0.343750,-0.212121,0.500000,-0.028571,-0.611111,-0.540541,0.210526,0.461538,-0.700000,-0.780488,0.309524,0.348837,0.295455,-0.422222,0.608696,0.382979,0.229167,0.714286,-0.080000,0.235294,0.346154,-0.150943,0.018519,-0.309091,-0.464286,0.140351,0.482759,-0.627119,0.083333,-0.016393,-0.177419,-0.269841,0.062500,0.323077,0.060606,0.029851,0.088235,-0.144928,0.542857,0.154930,0.055556,-0.109589,0.364865,0.240000,-0.526316,-0.571429,-0.217949,0.531646,0.012500,-0.197531,-0.207317,-0.228916,0.630952,0.282353,-0.069767,0.057471,0.250000,-0.202247,0.077778,-0.274725,-0.184783,0.301075,0.042553,0.526316,-0.145833,-0.195876,-0.153061,-0.010101,0.050000,
0.000000,-0.500000,-0.333333,0.500000,-0.600000,-0.500000,-0.285714,0.000000,1.222222,0.300000,-0.818182,-0.083333,-0.076923,-0.357143,-0.333333,0.750000,0.352941,-0.055556,0.368421,-1.500000,0.380952,-0.136364,0.521739,-0.625000,-0.080000,-0.230769,-0.703704,-0.392857,1.034483,0.066667,0.129032,0.093750,0.575758,0.000000,-0.228571,-0.361111,0.000000,0.315789,0.179487,0.075000,0.682927,-0.214286,-0.186047,-0.136364,-0.155556,0.195652,0.212766,0.604167,-0.428571,0.240000,-0.254902,-0.288462,0.226415,0.388889,0.309091,0.000000,0.157895,0.310345,-0.118644,0.316667,0.081967,-0.080645,-0.015873,0.562500,-0.292308,0.515152,-0.164179,0.558824,-0.246377,-0.014286,-0.070423,0.222222,0.356164,-0.189189,-0.426667,0.197368,-0.558442,-0.102564,-0.139241,-0.287500,-0.074074,-0.158537,0.072289,0.095238,0.152941,0.244186,0.034483,0.238636,0.179775,0.366667,-0.065934,-0.086957,0.010753,0.319149,-0.136842,-0.385417,-0.082474,-0.020408,-0.050505,-0.320000,
0.000000,-0.500000,1.000000,-1.000000,0.200000,-0.500000,1.285714,0.125000,-0.777778,0.100000,-1.090909,0.500000,-0.384615,-0.071429,-1.133333,0.187500,1.000000,0.222222,-0.210526,0.150000,-0.428571,-0.227273,-0.043478,-0.125000,0.640000,0.384615,-0.074074,-0.035714,-0.827586,0.766667,-0.258065,-0.437500,-0.393939,0.205882,-0.828571,-0.166667,0.216216,0.710526,-0.025641,-0.300000,-0.146341,0.000000,-0.186047,-0.090909,-0.355556,1.217391,0.127660,-0.187500,0.163265,0.080000,-0.333333,0.442308,0.415094,-0.185185,0.200000,-0.160714,-0.736842,0.293103,-0.101695,0.400000,0.459016,-0.048387,-0.015873,-0.656250,-0.169231,-0.575758,0.462687,0.147059,-0.594203,0.171429,-0.295775,-0.041667,-0.041096,-0.351351,0.400000,-0.302632,-0.129870,0.217949,-0.050633,-0.300000,0.209877,0.012195,0.204819,0.380952,-0.047059,0.139535,-0.229885,-0.079545,-0.056180,0.122222,0.219780,-0.054348,-0.053763,-0.180851,0.294737,0.135417,0.257732,0.244898,-0.040404,-0.130000,
0.000000,-0.500000,-1.000000,1.500000,1.000000,1.500000,-0.285714,-0.375000,0.666667,1.200000,-0.454545,0.666667,0.461538,-0.285714,0.800000,-1.312500,-0.705882,1.611111,-0.263158,0.050000,-0.285714,0.363636,-0.173913,0.250000,0.600000,0.192308,-0.074074,0.178571,-0.068966,-0.633333,-0.032258,-0.031250,-0.424242,-0.058824,0.171429,-0.333333,0.000000,-0.052632,-0.051282,0.025000,-0.609756,0.071429,-0.232558,0.613636,-0.044444,0.043478,0.638298,0.375000,-0.102041,0.000000,-0.176471,0.057692,0.075472,-0.092593,-0.072727,0.214286,0.175439,-0.275862,-0.237288,-0.083333,-0.393443,0.419355,0.269841,0.187500,-0.261538,0.015152,-0.134328,0.102941,-0.101449,0.100000,-0.042254,0.250000,0.041096,-0.040541,0.333333,0.328947,0.064935,-0.371795,-0.316456,-0.125000,0.000000,-0.121951,-0.084337,-0.107143,-0.129412,-0.081395,0.241379,0.113636,-0.224719,-0.300000,0.054945,0.206522,0.215054,-0.138298,0.252632,0.250000,-0.030928,-0.051020,0.050505,0.370000,
0.000000,-0.500000,0.333333,0.500000,-0.200000,0.333333,-0.285714,-1.000000,0.333333,0.600000,-0.818182,-0.583333,0.461538,-1.071429,-0.066667,0.750000,-0.470588,0.055556,0.157895,-0.200000,0.000000,-0.454545,0.869565,-0.375000,-0.160000,-1.076923,0.259259,0.035714,-0.103448,-0.033333,-0.225806,0.468750,0.424242,-0.470588,0.028571,-0.027778,-0.351351,-0.289474,-0.051282,-0.750000,-0.219512,0.214286,-0.325581,-0.500000,0.200000,0.086957,0.446809,0.395833,-0.448980,0.340000,-0.411765,0.480769,-0.490566,-0.814815,-0.018182,0.178571,-0.175439,0.120690,-0.118644,-0.400000,-0.016393,-0.338710,-0.047619,0.140625,-0.153846,0.106061,-0.208955,-0.367647,0.115942,0.214286,-0.169014,-0.125000,-0.082192,-0.418919,-0.053333,-0.986842,-0.129870,0.000000,-0.531646,0.162500,-0.148148,-0.231707,-0.216867,0.952381,0.047059,0.430233,0.252874,0.522727,-0.168539,0.022222,0.120879,0.315217,0.473118,-0.053191,0.473684,-0.114583,-0.103093,0.214286,-0.070707,-0.170000,
0.000000,0.500000,0.000000,-0.500000,0.200000,-0.333333,-0.285714,0.250000,-0.111111,-0.500000,0.454545,-0.250000,0.230769,0.000000,-0.200000,0.062500,0.000000,-1.055556,-0.947368,0.150000,-0.285714,0.500000,0.652174,-0.208333,-0.320000,0.538462,0.074074,-0.285714,0.000000,0.233333,0.548387,0.125000,1.151515,0.205882,0.057143,0.083333,0.270270,0.157895,-0.256410,-0.325000,-0.365854,0.047619,-0.162791,0.090909,0.155556,0.543478,0.127660,0.062500,0.183673,-0.140000,0.078431,-0.057692,-0.264151,-0.425926,0.163636,0.071429,0.280702,-0.586207,0.593220,0.433333,0.196721,-0.016129,0.253968,-0.171875,-0.246154,0.378788,-0.238806,-0.279412,0.130435,0.085714,-0.478873,0.444444,0.041096,-0.027027,-0.133333,0.197368,0.155844,0.282051,-0.025316,0.150000,-0.049383,-0.268293,-0.265060,-0.250000,0.200000,-0.069767,-0.022989,-0.193182,-0.146067,0.100000,-0.274725,-0.065217,-0.053763,-0.063830,0.168421,-0.093750,-0.268041,-0.020408,0.242424,-0.540000,
0.000000,-0.500000,1.000000,0.500000,0.000000,-0.500000,-0.428571,0.500000,0.000000,0.400000,0.090909,-1.916667,-0.076923,-0.571429,0.600000,-0.250000,-0.058824,-0.333333,0.210526,0.550000,0.047619,-0.363636,-1.217391,0.750000,0.440000,0.653846,0.074074,0.107143,-0.310345,0.100000,0.064516,0.406250,-0.545455,0.411765,0.457143,0.027778,0.459459,-0.026316,-0.230769,0.125000,0.024390,-0.047619,-0.023256,0.204545,0.200000,-0.326087,-0.106383,0.500000,-0.714286,0.260000,-0.333333,-0.115385,-0.188679,0.166667,0.000000,-0.553571,-0.543860,-0.051724,0.186441,-0.016667,0.180328,0.322581,0.412698,0.218750,0.015385,0.121212,-0.179104,0.205882,-0.391304,-0.400000,0.000000,-0.069444,0.013699,0.310811,0.080000,-0.157895,-0.129870,-0.435897,0.518987,-0.400000,0.197531,0.024390,0.590361,0.154762,-0.247059,0.337209,0.091954,0.306818,-0.157303,0.000000,0.318681,0.065217,0.107527,-0.127660,-0.105263,0.041667,0.144330,0.112245,-0.141414,-0.100000,
0.000000,0.500000,0.000000,-0.500000,1.000000,1.500000,-0.285714,0.000000,-0.777778,-0.800000,-0.454545,-0.250000,-0.076923,0.357143,0.133333,-0.812500,0.176471,0.166667,0.210526,-0.150000,0.619048,-0.363636,-0.434783,0.041667,0.040000,-0.307692,0.074074,-0.035714,-0.068966,-0.333333,0.193548,0.125000,0.363636,0.058824,-0.314286,0.277778,0.594595,0.000000,0.153846,-0.175000,0.073171,0.595238,-0.395349,-0.250000,-0.311111,0.065217,-0.680851,-0.020833,0.306122,-0.420000,0.215686,0.192308,-0.226415,-0.055556,0.545455,0.375000,-0.228070,-0.137931,0.169492,-0.033333,-0.098361,0.000000,0.333333,0.046875,-0.261538,0.151515,0.104478,0.323529,0.492754,0.214286,-0.140845,-0.180556,0.109589,0.067568,-0.120000,-0.026316,-0.233766,-0.371795,1.012658,-0.025000,-0.012346,-0.341463,0.144578,0.000000,0.117647,0.116279,0.011494,0.431818,0.000000,0.666667,0.109890,-0.021739,-0.548387,0.063830,-0.442105,0.052083,-0.020619,-0.204082,0.121212,0.180000,
0.000000,0.500000,0.000000,0.500000,1.000000,0.333333,0.285714,0.500000,1.222222,-1.000000,1.000000,0.416667,0.307692,0.928571,-0.066667,-0.187500,0.529412,0.222222,0.105263,0.650000,0.285714,-0.681818,0.043478,-0.041667,0.480000,-0.038462,0.703704,-0.107143,0.758621,0.100000,-0.354839,0.343750,-0.242424,-0.441176,-0.428571,-0.722222,0.081081,-0.315789,-0.461538,-0.350000,0.048780,0.190476,-0.162791,0.250000,-0.177778,-0.326087,0.319149,0.208333,0.612245,-0.260000,0.176471,0.230769,0.056604,0.092593,-0.363636,-0.303571,0.052632,0.155172,0.000000,0.433333,-0.344262,0.193548,-0.539683,0.203125,0.200000,0.166667,-0.656716,-0.220588,0.173913,-0.071429,-0.633803,0.152778,0.027397,0.054054,0.106667,-0.223684,-0.090909,0.179487,-0.164557,0.037500,0.518519,-0.158537,0.433735,0.047619,0.011765,0.209302,-0.287356,0.181818,0.078652,0.188889,0.043956,0.141304,0.107527,-0.021277,0.200000,0.322917,-0.154639,0.061224,0.101010,0.070000,
0.000000,-0.500000,1.000000,-0.500000,-1.000000,-0.500000,0.857143,1.250000,0.000000,-0.100000,-0.363636,0.583333,-0.230769,-0.142857,0.466667,0.437500,0.823529,-0.111111,0.000000,0.250000,0.000000,-0.363636,-0.130435,-0.166667,0.120000,-0.384615,0.259259,0.357143,-0.241379,-0.666667,0.000000,-0.375000,0.484848,-0.029412,0.228571,0.416667,0.216216,0.026316,0.461538,-0.100000,0.000000,-0.119048,0.418605,0.340909,-0.111111,0.173913,-0.042553,0.583333,0.163265,-0.220000,-0.196078,0.076923,0.150943,-0.481481,-0.054545,0.303571,-0.596491,0.120690,-0.271186,0.166667,-0.229508,-0.225806,0.031746,0.156250,0.292308,0.075758,0.164179,-0.235294,-0.231884,0.057143,0.366197,-0.125000,-0.534247,0.229730,-0.333333,0.013158,-0.532468,0.192308,0.050633,-0.237500,-0.012346,-0.097561,0.457831,0.083333,-0.694118,-0.197674,0.126437,-0.056818,0.235955,0.044444,-0.021978,0.163043,-0.075269,-0.308511,-0.210526,0.364583,0.268041,-0.010204,-0.101010,0.530000,
